50
30 13 5
18 17 8
14 13 15
27 12 14
23 11 5
12 16 8
26 29 5
27 16 15
27 23 8
24 28 9
10 15 11
20 18 7
16 20 6
12 22 6
21 21 14
18 11 12
27 13 11
12 27 9
30 29 10
28 16 6
11 17 9
12 17 6
22 18 12
30 21 7
21 21 8
18 30 6
29 30 7
27 17 7
24 22 9
30 27 8
20 11 8
11 20 11
18 12 8
28 20 8
30 25 11
30 24 7
18 14 8
27 27 9
28 23 14
22 21 8
14 26 12
12 11 6
14 30 7
23 29 6
22 22 14
24 26 9
27 10 15
13 27 9
30 20 6
19 23 7

20000
1 9 2
2 13 13
3 6 10
4 14 4
5 10 3
6 15 12
7 6 15
8 12 10
9 11 5
10 4 7
11 14 4
12 10 14
13 10 2
14 11 7
15 9 2
16 3 7
17 15 14
18 6 5
19 2 5
20 11 3
21 3 13
22 9 15
23 3 14
24 10 14
25 4 4
26 12 9
27 10 4
28 6 10
29 15 11
30 8 5
31 10 14
32 13 13
33 5 13
34 6 8
35 12 12
36 7 9
37 10 9
38 3 5
39 5 3
40 7 2
41 11 10
42 5 11
43 5 2
44 3 13
45 12 2
46 5 3
47 2 15
48 7 3
49 10 5
50 6 12
51 9 5
52 10 4
53 13 11
54 11 9
55 5 14
56 9 14
57 8 5
58 3 3
59 12 8
60 7 8
61 8 9
62 15 13
63 2 12
64 12 12
65 3 2
66 8 13
67 7 14
68 15 3
69 5 5
70 5 10
71 9 4
72 8 4
73 6 9
74 5 15
75 3 9
76 14 15
77 15 10
78 3 2
79 12 10
80 15 2
81 3 14
82 15 5
83 4 8
84 9 9
85 5 15
86 8 2
87 4 8
88 2 8
89 6 14
90 14 9
91 6 8
92 13 13
93 14 10
94 12 13
95 9 4
96 5 6
97 5 2
98 11 13
99 10 2
100 13 7
101 2 2
102 11 9
103 10 15
104 10 4
105 2 10
106 3 15
107 4 3
108 11 3
109 12 15
110 5 8
111 3 11
112 5 11
113 11 2
114 11 3
115 8 12
116 11 11
117 10 7
118 6 5
119 12 13
120 7 5
121 6 8
122 4 12
123 12 6
124 9 7
125 14 3
126 2 9
127 11 11
128 3 3
129 10 5
130 10 6
131 4 7
132 3 5
133 7 6
134 4 9
135 15 10
136 13 6
137 11 14
138 12 10
139 2 12
140 15 10
141 6 12
142 3 4
143 6 3
144 3 13
145 10 4
146 6 6
147 11 5
148 13 7
149 5 12
150 12 15
151 6 10
152 9 6
153 15 2
154 3 12
155 8 15
156 6 2
157 2 7
158 14 4
159 12 6
160 4 13
161 9 10
162 13 8
163 10 2
164 3 3
165 13 4
166 10 2
167 15 7
168 11 10
169 4 8
170 4 2
171 6 7
172 14 15
173 2 7
174 5 12
175 5 12
176 3 7
177 14 10
178 15 8
179 11 13
180 4 5
181 15 4
182 14 14
183 4 8
184 2 4
185 13 7
186 14 8
187 14 12
188 15 13
189 14 5
190 6 4
191 14 13
192 3 8
193 15 2
194 15 9
195 5 5
196 15 9
197 7 6
198 15 14
199 15 5
200 5 2
201 12 5
202 8 7
203 6 15
204 3 14
205 6 7
206 12 10
207 8 12
208 15 10
209 7 2
210 3 6
211 4 11
212 6 2
213 3 11
214 8 7
215 13 14
216 7 8
217 11 10
218 3 8
219 11 5
220 6 2
221 13 8
222 2 10
223 14 10
224 12 13
225 13 13
226 12 5
227 7 8
228 3 12
229 7 11
230 7 12
231 15 3
232 13 6
233 10 6
234 12 8
235 7 8
236 13 6
237 10 4
238 5 8
239 12 8
240 12 13
241 4 11
242 11 6
243 8 10
244 15 2
245 6 6
246 5 8
247 14 11
248 11 12
249 7 9
250 9 9
251 12 5
252 10 9
253 14 14
254 13 4
255 12 3
256 6 10
257 12 12
258 11 7
259 3 15
260 14 5
261 12 6
262 5 14
263 5 4
264 2 2
265 5 9
266 11 15
267 14 3
268 9 8
269 12 11
270 5 13
271 13 8
272 9 8
273 5 4
274 12 13
275 2 14
276 15 14
277 3 14
278 8 5
279 4 14
280 13 10
281 9 2
282 10 5
283 15 3
284 9 4
285 14 9
286 12 10
287 10 11
288 7 14
289 9 11
290 15 13
291 10 8
292 15 10
293 9 4
294 13 15
295 9 9
296 6 14
297 5 15
298 12 6
299 14 14
300 10 9
301 12 5
302 6 9
303 3 13
304 6 5
305 6 7
306 7 10
307 3 4
308 4 5
309 8 13
310 4 13
311 5 3
312 8 8
313 7 10
314 9 8
315 2 5
316 15 8
317 8 14
318 11 13
319 2 15
320 14 11
321 8 9
322 2 7
323 6 14
324 8 15
325 15 8
326 10 13
327 13 10
328 14 11
329 5 9
330 5 6
331 8 9
332 2 8
333 7 12
334 12 14
335 8 13
336 4 15
337 9 4
338 11 10
339 2 8
340 11 11
341 12 2
342 3 12
343 8 4
344 15 9
345 4 2
346 6 8
347 7 5
348 9 7
349 7 14
350 8 6
351 14 15
352 8 6
353 15 3
354 9 2
355 13 10
356 2 7
357 5 12
358 3 14
359 12 2
360 14 2
361 5 5
362 15 2
363 11 4
364 5 4
365 9 12
366 3 11
367 5 9
368 13 6
369 14 7
370 4 11
371 11 13
372 13 3
373 14 15
374 4 6
375 3 11
376 2 6
377 11 12
378 8 8
379 13 5
380 3 11
381 13 15
382 12 5
383 3 13
384 14 6
385 15 12
386 11 14
387 3 14
388 11 14
389 2 7
390 10 8
391 12 7
392 3 10
393 12 7
394 2 15
395 8 15
396 9 3
397 8 7
398 12 15
399 9 13
400 4 8
401 4 13
402 10 12
403 6 11
404 14 10
405 14 9
406 9 8
407 15 13
408 11 6
409 7 15
410 5 15
411 3 6
412 9 5
413 14 9
414 11 11
415 12 8
416 7 2
417 9 15
418 7 4
419 9 5
420 7 14
421 6 7
422 6 11
423 13 6
424 10 2
425 10 5
426 3 5
427 13 8
428 9 10
429 14 5
430 13 9
431 12 13
432 9 9
433 14 2
434 3 6
435 5 8
436 13 5
437 6 12
438 11 7
439 9 10
440 10 7
441 8 13
442 10 7
443 7 13
444 9 6
445 6 6
446 5 3
447 13 5
448 7 3
449 13 10
450 14 13
451 4 5
452 5 13
453 9 6
454 13 11
455 14 10
456 11 6
457 3 15
458 5 6
459 5 7
460 4 6
461 2 13
462 10 4
463 6 2
464 2 10
465 6 13
466 4 12
467 15 14
468 9 3
469 15 2
470 11 6
471 9 9
472 9 7
473 4 2
474 6 15
475 9 3
476 15 3
477 8 9
478 3 11
479 12 12
480 2 4
481 4 14
482 11 6
483 3 5
484 3 10
485 14 8
486 11 11
487 14 11
488 5 14
489 10 8
490 9 9
491 6 15
492 11 8
493 6 11
494 11 2
495 11 13
496 3 14
497 5 12
498 5 6
499 12 3
500 4 5
501 4 10
502 3 4
503 2 8
504 9 13
505 11 9
506 6 2
507 5 6
508 13 6
509 13 15
510 9 3
511 12 5
512 6 14
513 14 12
514 11 12
515 14 5
516 8 3
517 10 5
518 12 4
519 6 15
520 4 3
521 2 4
522 14 6
523 11 13
524 15 11
525 6 9
526 3 9
527 13 6
528 13 8
529 6 10
530 10 9
531 9 3
532 11 2
533 8 13
534 7 11
535 6 2
536 3 5
537 12 15
538 15 11
539 11 2
540 14 12
541 15 6
542 11 2
543 14 14
544 4 9
545 10 12
546 9 6
547 4 11
548 8 12
549 15 9
550 3 9
551 7 8
552 7 7
553 12 3
554 15 4
555 7 8
556 13 9
557 6 12
558 8 15
559 14 10
560 2 9
561 3 7
562 6 7
563 3 14
564 8 15
565 10 15
566 2 12
567 15 10
568 9 8
569 2 5
570 10 7
571 11 14
572 9 12
573 9 14
574 2 5
575 6 10
576 4 6
577 9 13
578 9 3
579 2 12
580 11 14
581 5 13
582 4 6
583 10 2
584 10 8
585 3 5
586 15 3
587 9 3
588 12 15
589 4 9
590 13 6
591 10 13
592 6 8
593 15 9
594 9 5
595 9 10
596 4 8
597 5 11
598 10 13
599 4 15
600 3 6
601 14 14
602 15 8
603 7 14
604 10 6
605 15 2
606 6 13
607 6 15
608 11 11
609 12 9
610 15 4
611 9 10
612 9 7
613 7 10
614 14 10
615 8 9
616 7 15
617 5 13
618 5 11
619 8 5
620 15 14
621 8 2
622 7 13
623 9 13
624 14 8
625 8 12
626 14 15
627 12 4
628 9 2
629 4 10
630 11 7
631 15 3
632 15 15
633 9 3
634 10 9
635 2 13
636 4 8
637 15 12
638 4 3
639 9 14
640 6 7
641 11 13
642 8 12
643 3 15
644 7 15
645 12 15
646 10 8
647 7 12
648 13 14
649 9 15
650 10 2
651 11 3
652 5 12
653 12 6
654 5 13
655 3 8
656 3 14
657 12 13
658 15 3
659 9 4
660 13 6
661 2 2
662 7 14
663 2 6
664 7 7
665 8 4
666 5 10
667 8 11
668 12 14
669 4 4
670 4 3
671 11 15
672 8 11
673 12 5
674 9 11
675 4 5
676 9 12
677 6 9
678 6 12
679 2 14
680 9 6
681 12 10
682 4 3
683 9 7
684 11 6
685 12 8
686 13 6
687 9 15
688 6 5
689 8 15
690 9 3
691 5 8
692 11 7
693 11 6
694 13 6
695 2 15
696 12 8
697 6 2
698 11 15
699 12 14
700 13 2
701 11 13
702 9 15
703 6 14
704 14 5
705 11 14
706 7 5
707 12 5
708 11 6
709 12 14
710 13 14
711 12 12
712 15 4
713 12 3
714 12 12
715 2 6
716 14 9
717 2 11
718 7 13
719 4 3
720 6 7
721 13 8
722 4 5
723 4 14
724 10 7
725 10 10
726 6 15
727 4 6
728 15 9
729 14 6
730 13 15
731 7 14
732 3 9
733 3 4
734 14 5
735 15 12
736 13 12
737 8 15
738 14 10
739 7 3
740 14 8
741 2 6
742 10 3
743 9 7
744 12 13
745 12 6
746 11 8
747 15 12
748 7 3
749 12 5
750 9 2
751 11 10
752 7 11
753 5 12
754 3 12
755 15 9
756 13 6
757 12 8
758 3 4
759 2 2
760 6 9
761 3 3
762 5 10
763 4 8
764 9 7
765 12 13
766 13 10
767 8 11
768 13 13
769 4 8
770 12 3
771 15 9
772 11 8
773 6 2
774 13 7
775 5 9
776 9 5
777 15 7
778 3 12
779 7 10
780 12 7
781 2 8
782 6 5
783 3 15
784 15 9
785 3 12
786 5 12
787 12 11
788 2 2
789 14 7
790 5 4
791 14 11
792 5 3
793 15 14
794 10 5
795 11 5
796 15 15
797 5 7
798 14 4
799 14 11
800 2 6
801 15 4
802 4 10
803 6 14
804 4 3
805 12 15
806 2 4
807 2 7
808 14 14
809 5 11
810 7 2
811 4 6
812 2 4
813 13 8
814 10 3
815 13 3
816 9 9
817 14 7
818 10 11
819 3 9
820 10 5
821 11 2
822 13 14
823 15 12
824 10 6
825 9 12
826 2 2
827 9 15
828 8 8
829 12 3
830 9 13
831 9 3
832 3 7
833 11 4
834 3 4
835 6 11
836 12 11
837 10 13
838 7 8
839 11 10
840 6 9
841 10 11
842 8 3
843 14 13
844 3 15
845 12 12
846 14 10
847 13 15
848 5 8
849 9 5
850 8 7
851 15 9
852 8 8
853 13 3
854 7 8
855 7 12
856 6 7
857 4 12
858 9 3
859 3 15
860 3 3
861 8 3
862 13 13
863 7 14
864 4 10
865 2 11
866 10 10
867 7 12
868 3 8
869 7 15
870 12 14
871 8 15
872 13 2
873 6 11
874 6 7
875 3 11
876 10 5
877 4 12
878 9 5
879 15 3
880 7 15
881 10 7
882 3 14
883 6 11
884 5 14
885 8 15
886 10 14
887 15 11
888 11 12
889 12 10
890 2 11
891 12 15
892 13 6
893 2 4
894 6 13
895 14 6
896 7 7
897 2 4
898 15 4
899 11 12
900 8 3
901 4 13
902 12 2
903 3 13
904 10 5
905 8 8
906 9 7
907 4 7
908 6 13
909 7 14
910 11 11
911 3 2
912 4 4
913 14 11
914 2 12
915 3 6
916 9 12
917 8 9
918 11 9
919 8 6
920 5 14
921 10 3
922 7 8
923 3 6
924 12 12
925 11 9
926 10 12
927 6 2
928 5 8
929 11 2
930 2 5
931 6 5
932 14 4
933 14 6
934 6 7
935 3 2
936 9 13
937 8 4
938 4 8
939 10 13
940 5 10
941 10 15
942 12 14
943 7 3
944 8 15
945 13 2
946 8 2
947 9 3
948 15 7
949 11 8
950 11 8
951 13 12
952 8 6
953 3 8
954 2 7
955 4 14
956 11 9
957 15 13
958 7 3
959 8 15
960 3 5
961 8 11
962 8 10
963 3 8
964 15 6
965 13 7
966 5 7
967 14 4
968 3 10
969 12 3
970 10 10
971 5 14
972 7 7
973 13 15
974 12 15
975 4 5
976 3 4
977 6 5
978 4 11
979 4 14
980 14 12
981 3 4
982 14 12
983 9 9
984 14 11
985 14 11
986 9 12
987 11 12
988 12 11
989 7 15
990 12 7
991 4 9
992 3 9
993 9 12
994 6 14
995 6 11
996 2 7
997 10 3
998 6 9
999 9 2
1000 2 7
1001 15 6
1002 3 12
1003 15 15
1004 3 11
1005 11 10
1006 8 9
1007 11 10
1008 14 13
1009 2 9
1010 14 11
1011 12 5
1012 7 11
1013 9 10
1014 4 2
1015 9 3
1016 14 15
1017 7 13
1018 3 10
1019 12 4
1020 2 5
1021 13 9
1022 9 10
1023 10 11
1024 4 7
1025 7 6
1026 8 8
1027 14 7
1028 12 11
1029 2 14
1030 12 12
1031 7 3
1032 7 3
1033 10 12
1034 8 6
1035 6 13
1036 15 12
1037 11 15
1038 4 7
1039 3 11
1040 12 4
1041 7 6
1042 12 13
1043 12 8
1044 4 11
1045 13 3
1046 6 10
1047 8 12
1048 14 7
1049 15 4
1050 12 13
1051 15 13
1052 12 10
1053 3 12
1054 12 8
1055 10 7
1056 2 7
1057 6 4
1058 5 7
1059 14 9
1060 5 5
1061 4 4
1062 3 6
1063 15 14
1064 3 10
1065 14 10
1066 15 13
1067 10 2
1068 12 7
1069 14 11
1070 4 11
1071 8 4
1072 4 4
1073 15 13
1074 14 11
1075 14 4
1076 13 9
1077 2 8
1078 7 12
1079 13 5
1080 9 11
1081 6 14
1082 13 14
1083 9 5
1084 10 5
1085 6 14
1086 14 9
1087 15 5
1088 7 12
1089 11 9
1090 9 14
1091 6 14
1092 8 10
1093 10 8
1094 4 15
1095 5 14
1096 11 4
1097 15 6
1098 2 12
1099 9 15
1100 7 10
1101 3 13
1102 15 10
1103 15 3
1104 6 3
1105 14 4
1106 6 9
1107 10 4
1108 15 8
1109 3 5
1110 15 9
1111 7 2
1112 8 2
1113 8 10
1114 7 5
1115 8 3
1116 7 5
1117 2 7
1118 3 15
1119 13 12
1120 7 14
1121 4 4
1122 2 6
1123 15 9
1124 13 15
1125 4 14
1126 13 9
1127 9 11
1128 2 3
1129 2 6
1130 5 15
1131 4 10
1132 13 11
1133 10 8
1134 3 14
1135 6 5
1136 6 3
1137 2 5
1138 8 12
1139 14 11
1140 9 3
1141 3 15
1142 9 11
1143 10 2
1144 12 10
1145 11 5
1146 13 4
1147 6 8
1148 2 11
1149 7 5
1150 11 8
1151 4 12
1152 12 3
1153 10 7
1154 3 10
1155 10 10
1156 14 10
1157 10 2
1158 8 15
1159 9 2
1160 12 8
1161 7 6
1162 13 2
1163 7 14
1164 3 7
1165 5 13
1166 12 12
1167 3 14
1168 11 13
1169 14 7
1170 4 2
1171 7 10
1172 7 15
1173 12 4
1174 15 14
1175 12 9
1176 13 9
1177 12 4
1178 14 4
1179 3 13
1180 14 9
1181 2 6
1182 5 2
1183 14 5
1184 2 7
1185 6 10
1186 8 15
1187 10 9
1188 6 2
1189 14 12
1190 5 6
1191 7 15
1192 14 2
1193 15 12
1194 7 6
1195 3 14
1196 7 8
1197 8 13
1198 9 8
1199 7 4
1200 9 13
1201 9 7
1202 14 10
1203 6 14
1204 3 13
1205 8 3
1206 8 11
1207 15 4
1208 10 6
1209 7 3
1210 3 7
1211 12 6
1212 6 9
1213 11 13
1214 8 4
1215 13 9
1216 7 9
1217 2 13
1218 15 7
1219 11 8
1220 6 12
1221 14 2
1222 3 12
1223 12 8
1224 7 10
1225 14 13
1226 12 4
1227 2 4
1228 15 11
1229 12 14
1230 9 2
1231 4 3
1232 5 14
1233 12 7
1234 7 8
1235 11 2
1236 11 4
1237 12 9
1238 7 7
1239 9 14
1240 3 11
1241 4 10
1242 7 8
1243 7 12
1244 6 5
1245 3 2
1246 13 4
1247 9 10
1248 8 10
1249 3 6
1250 14 6
1251 13 9
1252 5 11
1253 6 13
1254 9 5
1255 3 4
1256 15 3
1257 9 4
1258 13 9
1259 3 14
1260 12 15
1261 7 12
1262 7 13
1263 3 10
1264 10 6
1265 6 15
1266 4 13
1267 13 13
1268 12 4
1269 14 7
1270 10 5
1271 3 5
1272 14 4
1273 5 14
1274 9 2
1275 7 10
1276 11 7
1277 9 14
1278 10 4
1279 11 3
1280 3 6
1281 8 13
1282 13 9
1283 10 8
1284 14 8
1285 15 11
1286 3 4
1287 7 12
1288 3 9
1289 9 12
1290 10 7
1291 4 15
1292 14 10
1293 12 11
1294 4 14
1295 4 8
1296 10 15
1297 2 15
1298 3 10
1299 4 6
1300 4 4
1301 7 13
1302 5 7
1303 10 6
1304 15 3
1305 6 5
1306 12 10
1307 6 4
1308 12 6
1309 11 10
1310 3 10
1311 12 4
1312 11 11
1313 4 4
1314 12 11
1315 13 11
1316 7 15
1317 11 2
1318 15 15
1319 2 3
1320 2 12
1321 14 11
1322 6 12
1323 5 14
1324 11 8
1325 11 12
1326 2 9
1327 12 10
1328 6 12
1329 6 9
1330 5 14
1331 14 12
1332 8 6
1333 9 3
1334 13 2
1335 4 9
1336 8 9
1337 9 5
1338 7 11
1339 4 7
1340 15 13
1341 7 13
1342 15 7
1343 8 4
1344 14 7
1345 10 10
1346 3 7
1347 5 9
1348 3 6
1349 9 5
1350 4 3
1351 2 6
1352 8 15
1353 11 8
1354 5 15
1355 4 15
1356 7 11
1357 13 7
1358 5 14
1359 4 9
1360 10 9
1361 9 6
1362 9 2
1363 3 8
1364 10 9
1365 5 5
1366 11 7
1367 2 2
1368 6 9
1369 11 15
1370 12 12
1371 9 6
1372 10 2
1373 15 3
1374 8 4
1375 6 13
1376 7 14
1377 8 7
1378 2 8
1379 2 11
1380 10 5
1381 7 10
1382 6 3
1383 8 10
1384 9 14
1385 10 6
1386 15 11
1387 12 11
1388 3 4
1389 3 8
1390 7 14
1391 7 10
1392 7 14
1393 4 5
1394 11 10
1395 8 10
1396 2 2
1397 2 4
1398 13 7
1399 14 9
1400 10 9
1401 4 11
1402 10 4
1403 7 11
1404 7 4
1405 8 11
1406 13 15
1407 6 11
1408 7 10
1409 15 10
1410 10 9
1411 13 11
1412 6 9
1413 15 2
1414 7 7
1415 12 3
1416 8 11
1417 6 14
1418 13 15
1419 13 12
1420 2 11
1421 9 6
1422 12 14
1423 14 11
1424 11 5
1425 13 2
1426 11 9
1427 4 10
1428 12 13
1429 11 14
1430 15 8
1431 4 15
1432 12 5
1433 2 11
1434 13 3
1435 5 2
1436 9 7
1437 8 4
1438 8 13
1439 5 8
1440 10 14
1441 11 9
1442 15 15
1443 13 13
1444 2 13
1445 4 10
1446 5 10
1447 7 12
1448 9 10
1449 8 7
1450 4 9
1451 10 7
1452 10 7
1453 12 14
1454 15 13
1455 12 12
1456 14 13
1457 6 11
1458 9 5
1459 5 6
1460 10 6
1461 5 6
1462 14 6
1463 13 5
1464 13 13
1465 9 7
1466 9 7
1467 10 14
1468 13 6
1469 6 3
1470 11 12
1471 10 8
1472 8 15
1473 7 14
1474 14 4
1475 6 2
1476 6 13
1477 3 7
1478 9 12
1479 6 13
1480 9 5
1481 5 15
1482 10 6
1483 10 13
1484 6 4
1485 3 11
1486 13 11
1487 5 5
1488 2 12
1489 10 5
1490 12 5
1491 2 3
1492 8 7
1493 13 9
1494 3 12
1495 14 4
1496 2 10
1497 4 8
1498 12 9
1499 9 12
1500 5 14
1501 6 7
1502 6 12
1503 2 14
1504 3 12
1505 11 5
1506 10 13
1507 13 15
1508 2 4
1509 8 15
1510 4 2
1511 15 8
1512 14 9
1513 4 13
1514 15 6
1515 2 2
1516 6 11
1517 11 3
1518 7 6
1519 9 12
1520 10 10
1521 9 4
1522 15 10
1523 9 6
1524 5 14
1525 3 7
1526 4 13
1527 9 12
1528 6 13
1529 4 2
1530 13 7
1531 14 6
1532 11 12
1533 14 5
1534 4 11
1535 15 12
1536 8 15
1537 8 10
1538 7 3
1539 8 12
1540 3 4
1541 4 9
1542 7 5
1543 2 6
1544 8 5
1545 9 14
1546 6 7
1547 6 11
1548 13 11
1549 2 6
1550 12 7
1551 13 5
1552 2 12
1553 3 9
1554 6 4
1555 8 12
1556 10 13
1557 14 6
1558 13 3
1559 12 6
1560 7 11
1561 5 5
1562 4 9
1563 4 9
1564 13 11
1565 7 8
1566 13 10
1567 9 14
1568 10 14
1569 12 15
1570 5 14
1571 5 12
1572 14 11
1573 15 14
1574 3 10
1575 9 10
1576 13 7
1577 3 11
1578 3 2
1579 15 10
1580 10 5
1581 11 10
1582 4 4
1583 7 15
1584 10 9
1585 3 12
1586 5 13
1587 11 9
1588 3 10
1589 9 14
1590 2 9
1591 4 10
1592 8 9
1593 11 2
1594 10 9
1595 12 14
1596 6 13
1597 2 8
1598 6 15
1599 2 13
1600 5 11
1601 3 2
1602 8 7
1603 13 3
1604 10 2
1605 3 9
1606 2 6
1607 8 4
1608 14 4
1609 14 12
1610 13 12
1611 8 7
1612 8 9
1613 15 8
1614 8 3
1615 12 12
1616 15 10
1617 4 12
1618 15 7
1619 3 4
1620 10 8
1621 10 4
1622 13 5
1623 15 2
1624 14 2
1625 6 9
1626 12 13
1627 10 8
1628 10 8
1629 15 5
1630 5 9
1631 7 4
1632 6 5
1633 13 14
1634 3 2
1635 14 12
1636 8 11
1637 14 2
1638 5 5
1639 3 3
1640 11 2
1641 9 11
1642 12 13
1643 15 2
1644 5 13
1645 2 8
1646 9 5
1647 10 5
1648 14 15
1649 14 2
1650 4 10
1651 6 5
1652 15 13
1653 11 7
1654 11 11
1655 14 12
1656 15 7
1657 5 6
1658 4 12
1659 10 5
1660 8 6
1661 6 2
1662 10 11
1663 13 4
1664 12 12
1665 8 10
1666 9 2
1667 7 12
1668 12 8
1669 14 10
1670 7 13
1671 8 8
1672 4 6
1673 8 4
1674 14 10
1675 9 5
1676 15 5
1677 6 15
1678 13 4
1679 14 9
1680 2 10
1681 8 8
1682 10 10
1683 4 8
1684 5 6
1685 5 7
1686 12 3
1687 9 15
1688 7 3
1689 10 13
1690 15 5
1691 2 6
1692 8 12
1693 11 11
1694 2 15
1695 3 5
1696 14 14
1697 11 13
1698 12 10
1699 5 9
1700 5 15
1701 7 6
1702 2 5
1703 5 13
1704 3 13
1705 14 9
1706 5 13
1707 11 13
1708 5 8
1709 5 10
1710 7 14
1711 6 8
1712 9 10
1713 12 7
1714 6 6
1715 7 10
1716 9 9
1717 3 14
1718 13 9
1719 14 15
1720 7 5
1721 7 7
1722 8 2
1723 11 15
1724 5 13
1725 4 2
1726 6 10
1727 11 11
1728 13 8
1729 6 4
1730 5 7
1731 5 8
1732 11 15
1733 5 9
1734 10 12
1735 12 7
1736 6 14
1737 15 9
1738 13 12
1739 13 9
1740 9 4
1741 13 14
1742 7 4
1743 4 13
1744 10 9
1745 4 10
1746 12 2
1747 10 2
1748 15 15
1749 3 15
1750 12 2
1751 14 2
1752 8 4
1753 15 12
1754 5 3
1755 13 4
1756 2 5
1757 10 9
1758 7 2
1759 11 12
1760 12 11
1761 9 12
1762 9 2
1763 2 10
1764 10 8
1765 2 2
1766 10 13
1767 6 10
1768 6 2
1769 10 15
1770 13 12
1771 8 14
1772 4 3
1773 3 10
1774 4 5
1775 5 11
1776 10 6
1777 15 7
1778 6 14
1779 8 3
1780 7 8
1781 9 11
1782 5 13
1783 5 6
1784 12 15
1785 15 3
1786 12 15
1787 12 14
1788 2 3
1789 8 8
1790 8 10
1791 9 2
1792 12 2
1793 13 4
1794 3 9
1795 15 8
1796 12 14
1797 7 11
1798 15 3
1799 10 2
1800 5 5
1801 15 13
1802 11 9
1803 6 2
1804 3 12
1805 6 10
1806 11 12
1807 2 4
1808 15 7
1809 2 5
1810 11 4
1811 14 15
1812 13 15
1813 8 3
1814 6 4
1815 11 5
1816 11 15
1817 15 8
1818 12 10
1819 7 8
1820 14 13
1821 4 14
1822 13 13
1823 3 10
1824 13 7
1825 2 3
1826 8 5
1827 15 3
1828 7 11
1829 14 11
1830 11 8
1831 14 7
1832 2 12
1833 6 14
1834 9 9
1835 5 7
1836 10 8
1837 8 4
1838 12 11
1839 12 8
1840 3 14
1841 11 6
1842 14 5
1843 13 3
1844 3 6
1845 4 8
1846 13 14
1847 12 4
1848 13 8
1849 7 7
1850 3 3
1851 2 6
1852 9 7
1853 14 6
1854 3 4
1855 3 4
1856 8 9
1857 10 10
1858 10 8
1859 3 2
1860 3 7
1861 10 3
1862 11 11
1863 14 7
1864 15 8
1865 2 6
1866 8 8
1867 14 3
1868 13 10
1869 5 11
1870 10 4
1871 12 8
1872 4 4
1873 6 6
1874 6 9
1875 4 3
1876 4 8
1877 6 8
1878 6 9
1879 14 3
1880 7 6
1881 5 13
1882 12 9
1883 11 11
1884 5 9
1885 3 4
1886 6 2
1887 8 7
1888 15 11
1889 8 14
1890 15 7
1891 9 7
1892 8 15
1893 15 15
1894 12 11
1895 4 6
1896 7 11
1897 13 5
1898 9 7
1899 4 8
1900 7 6
1901 13 13
1902 12 9
1903 11 14
1904 5 7
1905 8 6
1906 15 14
1907 8 7
1908 3 11
1909 5 11
1910 10 4
1911 12 14
1912 10 2
1913 13 9
1914 13 5
1915 9 14
1916 6 15
1917 13 3
1918 15 15
1919 14 14
1920 8 12
1921 9 4
1922 12 6
1923 5 6
1924 12 4
1925 13 8
1926 14 8
1927 3 9
1928 11 9
1929 11 8
1930 10 10
1931 15 13
1932 8 10
1933 2 14
1934 7 13
1935 14 10
1936 11 12
1937 3 3
1938 14 5
1939 12 12
1940 7 4
1941 12 11
1942 2 11
1943 12 12
1944 12 8
1945 14 7
1946 14 8
1947 3 2
1948 3 6
1949 5 10
1950 13 10
1951 10 11
1952 13 11
1953 5 9
1954 7 8
1955 9 14
1956 12 11
1957 13 10
1958 4 7
1959 2 9
1960 3 6
1961 8 3
1962 3 15
1963 13 4
1964 7 6
1965 7 9
1966 14 5
1967 10 9
1968 7 9
1969 3 9
1970 13 13
1971 9 7
1972 3 6
1973 2 14
1974 13 3
1975 2 15
1976 7 12
1977 3 12
1978 14 4
1979 13 5
1980 10 4
1981 10 4
1982 7 10
1983 8 9
1984 5 14
1985 8 12
1986 4 4
1987 12 12
1988 8 8
1989 2 13
1990 11 5
1991 9 11
1992 8 8
1993 2 13
1994 5 5
1995 6 14
1996 13 14
1997 14 3
1998 11 3
1999 14 15
2000 10 4
2001 7 7
2002 5 9
2003 3 6
2004 12 15
2005 9 10
2006 12 7
2007 11 8
2008 11 8
2009 11 3
2010 7 7
2011 15 9
2012 11 4
2013 15 12
2014 13 14
2015 6 11
2016 11 3
2017 12 4
2018 7 3
2019 5 6
2020 3 4
2021 7 13
2022 4 10
2023 8 8
2024 11 4
2025 11 8
2026 8 4
2027 9 12
2028 10 13
2029 12 4
2030 10 4
2031 9 6
2032 4 4
2033 7 15
2034 9 11
2035 2 15
2036 7 2
2037 9 4
2038 5 15
2039 8 10
2040 10 12
2041 9 8
2042 12 9
2043 8 13
2044 15 9
2045 9 4
2046 3 11
2047 2 14
2048 14 5
2049 6 2
2050 6 5
2051 10 6
2052 4 14
2053 9 11
2054 13 14
2055 14 9
2056 10 10
2057 3 11
2058 3 6
2059 14 10
2060 15 7
2061 10 15
2062 14 2
2063 14 13
2064 9 10
2065 5 8
2066 3 13
2067 15 12
2068 14 5
2069 6 15
2070 2 9
2071 6 7
2072 15 15
2073 3 9
2074 15 3
2075 14 14
2076 5 5
2077 14 13
2078 11 13
2079 7 15
2080 13 11
2081 12 8
2082 4 11
2083 4 14
2084 5 15
2085 5 14
2086 2 11
2087 7 10
2088 6 11
2089 10 4
2090 7 13
2091 6 6
2092 11 6
2093 15 10
2094 12 15
2095 3 4
2096 14 14
2097 8 2
2098 6 15
2099 12 4
2100 13 15
2101 4 5
2102 4 13
2103 7 15
2104 5 14
2105 15 12
2106 8 9
2107 4 11
2108 12 6
2109 12 8
2110 8 9
2111 3 12
2112 14 14
2113 3 8
2114 10 13
2115 6 13
2116 7 9
2117 9 7
2118 11 2
2119 15 14
2120 15 13
2121 3 13
2122 9 12
2123 12 13
2124 7 15
2125 3 14
2126 10 8
2127 5 8
2128 15 5
2129 9 6
2130 7 15
2131 6 7
2132 10 11
2133 4 11
2134 15 9
2135 14 7
2136 12 14
2137 2 2
2138 3 12
2139 14 15
2140 9 2
2141 3 15
2142 4 9
2143 9 2
2144 8 5
2145 13 4
2146 12 6
2147 4 15
2148 6 3
2149 12 7
2150 6 3
2151 7 12
2152 12 4
2153 2 8
2154 12 6
2155 13 13
2156 14 5
2157 8 12
2158 3 13
2159 3 2
2160 5 9
2161 3 4
2162 11 5
2163 10 12
2164 9 2
2165 2 13
2166 7 15
2167 3 15
2168 8 13
2169 4 9
2170 3 5
2171 8 3
2172 13 14
2173 3 3
2174 7 7
2175 6 4
2176 8 14
2177 15 14
2178 15 4
2179 12 12
2180 4 3
2181 10 11
2182 2 11
2183 12 4
2184 9 7
2185 13 5
2186 12 13
2187 4 8
2188 11 12
2189 9 15
2190 5 3
2191 3 4
2192 14 3
2193 11 13
2194 8 7
2195 8 7
2196 14 4
2197 5 6
2198 12 3
2199 5 10
2200 11 11
2201 13 11
2202 6 14
2203 13 2
2204 15 15
2205 12 6
2206 5 10
2207 11 10
2208 5 13
2209 8 6
2210 12 2
2211 14 14
2212 5 9
2213 8 3
2214 5 9
2215 12 11
2216 3 10
2217 2 7
2218 7 4
2219 8 15
2220 15 11
2221 8 7
2222 10 12
2223 4 14
2224 9 14
2225 3 2
2226 11 3
2227 2 6
2228 5 2
2229 2 14
2230 8 10
2231 6 12
2232 13 10
2233 14 8
2234 8 13
2235 8 3
2236 12 10
2237 10 11
2238 4 6
2239 3 6
2240 3 10
2241 5 14
2242 4 10
2243 7 8
2244 11 12
2245 14 15
2246 12 12
2247 12 3
2248 6 13
2249 8 13
2250 15 5
2251 2 5
2252 3 8
2253 3 9
2254 11 11
2255 2 6
2256 12 13
2257 12 13
2258 4 3
2259 2 13
2260 4 13
2261 2 4
2262 9 7
2263 10 10
2264 14 15
2265 13 6
2266 4 7
2267 4 13
2268 14 15
2269 6 13
2270 3 14
2271 2 7
2272 14 8
2273 6 10
2274 3 6
2275 13 11
2276 12 3
2277 9 9
2278 10 7
2279 2 9
2280 15 11
2281 4 7
2282 4 6
2283 14 3
2284 11 12
2285 13 3
2286 5 13
2287 10 2
2288 2 15
2289 15 2
2290 5 2
2291 9 7
2292 8 4
2293 4 15
2294 2 10
2295 14 13
2296 13 12
2297 8 5
2298 7 5
2299 8 13
2300 7 6
2301 15 3
2302 11 7
2303 3 10
2304 12 2
2305 4 5
2306 14 10
2307 2 8
2308 3 9
2309 15 6
2310 14 15
2311 6 7
2312 3 10
2313 9 2
2314 7 5
2315 6 11
2316 14 6
2317 13 11
2318 5 9
2319 7 11
2320 9 14
2321 14 5
2322 13 10
2323 14 14
2324 5 4
2325 2 8
2326 2 5
2327 10 7
2328 12 15
2329 13 2
2330 7 2
2331 14 12
2332 8 15
2333 13 13
2334 6 3
2335 5 10
2336 5 8
2337 9 2
2338 4 13
2339 6 3
2340 2 5
2341 15 10
2342 8 13
2343 7 9
2344 13 3
2345 11 3
2346 10 4
2347 12 15
2348 8 3
2349 11 11
2350 2 8
2351 12 4
2352 5 6
2353 6 15
2354 7 14
2355 8 13
2356 15 13
2357 7 7
2358 9 6
2359 5 3
2360 5 4
2361 14 14
2362 11 3
2363 4 3
2364 4 9
2365 9 7
2366 8 3
2367 10 7
2368 14 5
2369 9 6
2370 9 6
2371 15 3
2372 3 4
2373 14 12
2374 6 15
2375 13 13
2376 11 2
2377 5 15
2378 15 7
2379 4 3
2380 13 5
2381 7 8
2382 10 2
2383 12 6
2384 6 15
2385 4 2
2386 8 15
2387 9 10
2388 13 10
2389 5 3
2390 9 3
2391 14 14
2392 4 3
2393 2 2
2394 15 14
2395 5 4
2396 5 15
2397 8 7
2398 12 12
2399 12 3
2400 11 11
2401 6 15
2402 3 2
2403 3 5
2404 12 9
2405 14 4
2406 3 15
2407 15 14
2408 7 3
2409 2 9
2410 2 4
2411 11 8
2412 15 13
2413 8 9
2414 2 8
2415 12 8
2416 4 7
2417 5 4
2418 6 6
2419 9 4
2420 2 11
2421 11 11
2422 5 12
2423 6 9
2424 8 10
2425 9 2
2426 3 6
2427 8 4
2428 8 5
2429 12 14
2430 10 5
2431 12 14
2432 10 14
2433 2 8
2434 14 13
2435 7 9
2436 10 14
2437 9 7
2438 11 10
2439 7 8
2440 6 4
2441 2 7
2442 11 5
2443 2 14
2444 14 6
2445 2 14
2446 9 10
2447 7 14
2448 11 5
2449 4 3
2450 5 12
2451 5 6
2452 10 15
2453 14 13
2454 2 14
2455 5 11
2456 15 14
2457 8 7
2458 15 15
2459 4 4
2460 5 11
2461 7 14
2462 13 13
2463 7 11
2464 2 13
2465 13 7
2466 11 11
2467 4 11
2468 5 15
2469 14 9
2470 10 6
2471 4 9
2472 2 3
2473 2 5
2474 11 5
2475 2 10
2476 9 2
2477 7 11
2478 5 14
2479 4 7
2480 13 4
2481 14 15
2482 15 7
2483 2 2
2484 4 11
2485 13 4
2486 14 3
2487 15 10
2488 15 7
2489 3 7
2490 13 12
2491 8 11
2492 3 7
2493 6 7
2494 4 4
2495 13 8
2496 14 12
2497 9 12
2498 7 4
2499 13 10
2500 13 11
2501 14 7
2502 5 12
2503 11 15
2504 4 8
2505 6 13
2506 13 6
2507 4 4
2508 13 2
2509 13 11
2510 8 15
2511 14 11
2512 2 4
2513 11 7
2514 14 11
2515 5 12
2516 11 3
2517 9 4
2518 7 13
2519 3 5
2520 7 7
2521 4 12
2522 3 15
2523 13 12
2524 12 13
2525 7 9
2526 2 6
2527 5 5
2528 13 3
2529 7 6
2530 14 3
2531 13 2
2532 2 8
2533 9 13
2534 8 4
2535 8 9
2536 8 7
2537 10 8
2538 3 15
2539 9 14
2540 15 11
2541 12 14
2542 12 5
2543 4 9
2544 3 14
2545 15 2
2546 6 2
2547 7 6
2548 3 3
2549 7 4
2550 8 4
2551 13 3
2552 10 3
2553 7 11
2554 11 9
2555 13 2
2556 8 12
2557 4 11
2558 8 4
2559 2 3
2560 7 5
2561 5 8
2562 13 10
2563 13 13
2564 10 6
2565 12 6
2566 6 5
2567 3 2
2568 8 11
2569 10 15
2570 9 4
2571 2 7
2572 2 8
2573 3 6
2574 15 12
2575 12 11
2576 9 5
2577 3 2
2578 5 4
2579 12 6
2580 3 9
2581 15 3
2582 6 14
2583 8 9
2584 9 12
2585 6 3
2586 12 10
2587 8 4
2588 7 8
2589 7 4
2590 9 2
2591 6 9
2592 9 6
2593 5 15
2594 6 11
2595 2 4
2596 14 13
2597 12 3
2598 3 12
2599 7 14
2600 10 8
2601 14 11
2602 5 10
2603 2 15
2604 8 15
2605 10 8
2606 10 12
2607 15 9
2608 11 5
2609 9 6
2610 3 8
2611 15 13
2612 2 10
2613 11 10
2614 14 11
2615 12 11
2616 4 3
2617 14 9
2618 4 4
2619 5 14
2620 5 4
2621 2 8
2622 3 12
2623 8 5
2624 15 12
2625 4 15
2626 11 6
2627 7 13
2628 14 3
2629 3 8
2630 10 8
2631 10 7
2632 15 6
2633 10 9
2634 15 2
2635 14 13
2636 11 11
2637 10 14
2638 8 3
2639 8 4
2640 4 11
2641 11 11
2642 14 3
2643 3 11
2644 14 3
2645 14 6
2646 15 10
2647 7 8
2648 6 8
2649 12 9
2650 11 11
2651 9 2
2652 4 6
2653 8 4
2654 11 11
2655 12 13
2656 8 2
2657 8 7
2658 13 5
2659 2 13
2660 9 6
2661 7 2
2662 7 15
2663 14 6
2664 6 6
2665 15 9
2666 15 13
2667 12 3
2668 15 5
2669 4 6
2670 13 9
2671 14 15
2672 7 6
2673 13 8
2674 11 12
2675 3 5
2676 9 5
2677 15 8
2678 13 9
2679 14 10
2680 15 7
2681 15 2
2682 10 14
2683 4 3
2684 6 13
2685 10 8
2686 4 14
2687 15 10
2688 11 2
2689 4 5
2690 15 5
2691 15 2
2692 5 2
2693 9 2
2694 7 13
2695 5 6
2696 7 15
2697 9 10
2698 8 12
2699 3 12
2700 2 5
2701 7 9
2702 11 9
2703 4 15
2704 9 11
2705 10 7
2706 7 4
2707 15 6
2708 13 15
2709 13 3
2710 6 2
2711 8 2
2712 4 15
2713 11 14
2714 5 15
2715 5 12
2716 5 12
2717 5 6
2718 12 8
2719 10 2
2720 15 14
2721 14 12
2722 2 9
2723 4 12
2724 4 11
2725 14 2
2726 5 6
2727 11 14
2728 6 13
2729 13 12
2730 6 8
2731 8 15
2732 7 9
2733 6 5
2734 9 6
2735 12 10
2736 15 11
2737 8 11
2738 3 2
2739 10 12
2740 15 15
2741 7 10
2742 12 11
2743 11 6
2744 6 12
2745 3 9
2746 3 7
2747 6 12
2748 7 15
2749 6 6
2750 12 13
2751 12 6
2752 5 4
2753 10 14
2754 5 2
2755 14 15
2756 14 14
2757 11 8
2758 12 7
2759 12 4
2760 13 2
2761 12 9
2762 6 6
2763 8 8
2764 8 13
2765 2 11
2766 13 11
2767 15 5
2768 7 13
2769 13 5
2770 12 10
2771 12 14
2772 9 12
2773 7 10
2774 6 15
2775 4 15
2776 12 10
2777 4 6
2778 3 9
2779 4 13
2780 6 13
2781 14 10
2782 14 4
2783 12 7
2784 12 3
2785 5 7
2786 5 13
2787 15 6
2788 8 14
2789 7 7
2790 6 11
2791 6 9
2792 15 3
2793 9 2
2794 15 12
2795 11 11
2796 11 3
2797 9 5
2798 10 3
2799 15 12
2800 8 10
2801 6 8
2802 2 15
2803 15 4
2804 4 5
2805 7 8
2806 11 9
2807 4 7
2808 15 13
2809 4 14
2810 3 9
2811 7 12
2812 4 7
2813 12 2
2814 2 9
2815 6 5
2816 14 14
2817 4 11
2818 14 4
2819 9 14
2820 14 14
2821 3 4
2822 11 8
2823 12 8
2824 8 8
2825 9 8
2826 2 2
2827 10 5
2828 13 7
2829 2 7
2830 14 15
2831 10 5
2832 2 12
2833 2 12
2834 13 5
2835 5 13
2836 7 6
2837 4 3
2838 8 10
2839 11 6
2840 4 3
2841 15 2
2842 6 6
2843 9 13
2844 10 11
2845 10 7
2846 8 12
2847 4 7
2848 9 7
2849 14 5
2850 4 14
2851 8 2
2852 5 5
2853 13 4
2854 5 13
2855 2 11
2856 10 4
2857 3 7
2858 13 12
2859 14 2
2860 8 12
2861 6 14
2862 10 11
2863 2 11
2864 2 12
2865 3 12
2866 15 2
2867 2 13
2868 3 8
2869 9 8
2870 3 10
2871 6 9
2872 13 4
2873 5 13
2874 12 12
2875 2 6
2876 8 12
2877 3 12
2878 10 6
2879 11 11
2880 13 4
2881 8 15
2882 3 10
2883 13 11
2884 3 6
2885 3 14
2886 3 9
2887 5 11
2888 5 14
2889 6 15
2890 10 5
2891 7 13
2892 8 6
2893 4 2
2894 10 9
2895 5 13
2896 9 7
2897 5 2
2898 2 12
2899 3 3
2900 15 11
2901 12 9
2902 4 3
2903 14 10
2904 3 13
2905 13 3
2906 6 12
2907 5 9
2908 6 6
2909 9 2
2910 3 15
2911 4 15
2912 2 15
2913 6 7
2914 14 12
2915 7 8
2916 13 3
2917 3 15
2918 14 2
2919 2 15
2920 4 12
2921 12 4
2922 7 7
2923 9 11
2924 6 13
2925 3 7
2926 15 7
2927 4 3
2928 8 8
2929 9 6
2930 15 8
2931 13 15
2932 9 14
2933 8 12
2934 14 4
2935 3 4
2936 13 13
2937 2 15
2938 4 3
2939 8 11
2940 9 14
2941 11 12
2942 9 4
2943 11 8
2944 14 7
2945 11 2
2946 15 12
2947 15 13
2948 4 9
2949 9 3
2950 8 9
2951 2 3
2952 6 12
2953 7 2
2954 13 15
2955 12 10
2956 14 13
2957 11 13
2958 11 5
2959 12 15
2960 7 10
2961 10 13
2962 13 11
2963 3 8
2964 12 13
2965 5 9
2966 7 12
2967 12 12
2968 8 4
2969 15 15
2970 10 11
2971 2 2
2972 12 4
2973 10 15
2974 9 15
2975 9 15
2976 4 3
2977 14 9
2978 7 5
2979 7 6
2980 2 10
2981 5 10
2982 12 8
2983 8 15
2984 5 3
2985 9 9
2986 14 11
2987 9 3
2988 15 9
2989 9 7
2990 3 9
2991 13 12
2992 2 3
2993 8 8
2994 2 10
2995 10 2
2996 15 3
2997 14 11
2998 11 12
2999 6 10
3000 10 5
3001 12 12
3002 9 7
3003 7 15
3004 2 15
3005 5 15
3006 9 7
3007 10 14
3008 11 11
3009 9 13
3010 12 7
3011 13 9
3012 3 3
3013 14 12
3014 5 2
3015 7 7
3016 15 12
3017 14 6
3018 10 10
3019 7 13
3020 3 2
3021 4 9
3022 4 15
3023 13 13
3024 13 8
3025 3 6
3026 11 5
3027 5 3
3028 15 8
3029 5 9
3030 15 14
3031 5 13
3032 7 3
3033 14 8
3034 2 12
3035 15 12
3036 11 3
3037 14 9
3038 9 12
3039 11 10
3040 4 9
3041 2 10
3042 13 2
3043 10 8
3044 15 11
3045 9 10
3046 14 4
3047 13 11
3048 4 13
3049 15 4
3050 3 8
3051 12 11
3052 11 7
3053 10 8
3054 8 11
3055 13 14
3056 5 6
3057 8 7
3058 6 9
3059 14 4
3060 4 8
3061 11 13
3062 13 10
3063 6 15
3064 13 10
3065 15 7
3066 13 13
3067 10 12
3068 5 5
3069 5 11
3070 13 6
3071 12 7
3072 12 4
3073 13 12
3074 4 10
3075 10 13
3076 12 7
3077 13 3
3078 14 7
3079 10 9
3080 11 11
3081 12 13
3082 8 12
3083 13 15
3084 10 6
3085 15 8
3086 14 2
3087 10 3
3088 2 8
3089 4 2
3090 12 2
3091 5 6
3092 14 14
3093 4 6
3094 12 6
3095 4 15
3096 2 13
3097 14 6
3098 5 14
3099 10 2
3100 7 15
3101 9 3
3102 11 15
3103 12 13
3104 10 15
3105 5 13
3106 12 10
3107 8 5
3108 10 14
3109 14 14
3110 13 6
3111 13 12
3112 2 8
3113 8 8
3114 14 12
3115 7 10
3116 2 2
3117 13 6
3118 5 11
3119 15 14
3120 15 15
3121 9 15
3122 5 12
3123 13 13
3124 12 7
3125 14 11
3126 10 13
3127 11 5
3128 14 13
3129 5 6
3130 9 4
3131 12 3
3132 4 4
3133 13 10
3134 3 8
3135 2 8
3136 6 10
3137 6 4
3138 4 11
3139 15 6
3140 2 7
3141 9 13
3142 4 2
3143 4 7
3144 11 2
3145 14 12
3146 11 15
3147 12 6
3148 9 14
3149 11 10
3150 7 3
3151 14 13
3152 7 10
3153 5 4
3154 10 3
3155 14 10
3156 4 8
3157 10 10
3158 8 3
3159 7 5
3160 5 12
3161 7 7
3162 7 6
3163 5 14
3164 11 10
3165 9 10
3166 15 14
3167 12 2
3168 3 12
3169 7 9
3170 5 12
3171 11 11
3172 5 2
3173 12 7
3174 8 14
3175 3 8
3176 6 10
3177 13 6
3178 2 10
3179 15 14
3180 7 10
3181 14 10
3182 9 9
3183 2 6
3184 12 5
3185 7 10
3186 3 3
3187 4 14
3188 10 10
3189 2 12
3190 3 5
3191 12 12
3192 14 5
3193 15 12
3194 8 15
3195 3 5
3196 10 15
3197 13 13
3198 14 8
3199 12 15
3200 3 13
3201 12 4
3202 2 9
3203 13 7
3204 2 3
3205 3 2
3206 4 14
3207 6 10
3208 3 11
3209 15 5
3210 6 8
3211 8 9
3212 12 8
3213 8 7
3214 2 8
3215 12 3
3216 10 2
3217 12 13
3218 11 3
3219 14 13
3220 11 2
3221 13 15
3222 3 7
3223 10 3
3224 6 14
3225 12 6
3226 11 3
3227 6 14
3228 9 8
3229 8 15
3230 12 2
3231 9 4
3232 10 5
3233 4 13
3234 8 14
3235 14 15
3236 10 6
3237 12 4
3238 6 12
3239 14 15
3240 13 12
3241 7 2
3242 10 15
3243 10 4
3244 3 2
3245 2 11
3246 11 8
3247 10 10
3248 3 6
3249 5 13
3250 13 13
3251 7 5
3252 8 12
3253 15 10
3254 4 4
3255 4 5
3256 11 15
3257 6 5
3258 3 4
3259 12 14
3260 11 15
3261 2 15
3262 14 10
3263 9 12
3264 10 3
3265 6 12
3266 3 6
3267 3 5
3268 13 11
3269 9 7
3270 7 4
3271 12 12
3272 5 3
3273 6 11
3274 3 5
3275 7 9
3276 9 7
3277 11 12
3278 6 13
3279 11 4
3280 11 11
3281 7 14
3282 7 8
3283 4 2
3284 7 5
3285 14 5
3286 13 13
3287 12 8
3288 6 15
3289 7 4
3290 12 13
3291 7 9
3292 9 9
3293 7 14
3294 6 9
3295 10 3
3296 4 12
3297 11 3
3298 15 6
3299 15 15
3300 4 10
3301 5 6
3302 13 12
3303 3 13
3304 3 2
3305 15 10
3306 12 2
3307 15 11
3308 11 8
3309 14 11
3310 5 2
3311 10 6
3312 10 10
3313 9 12
3314 14 4
3315 7 8
3316 5 14
3317 11 13
3318 15 6
3319 4 9
3320 10 10
3321 3 8
3322 7 10
3323 2 12
3324 5 15
3325 14 11
3326 12 4
3327 14 10
3328 4 9
3329 4 4
3330 11 11
3331 12 15
3332 4 13
3333 13 9
3334 7 2
3335 5 14
3336 9 5
3337 3 6
3338 7 5
3339 2 12
3340 5 10
3341 14 7
3342 8 9
3343 9 2
3344 2 12
3345 7 3
3346 13 10
3347 12 15
3348 6 15
3349 13 6
3350 11 10
3351 11 4
3352 8 12
3353 8 7
3354 11 12
3355 15 3
3356 10 6
3357 8 5
3358 10 8
3359 7 15
3360 15 7
3361 9 14
3362 9 11
3363 2 10
3364 4 9
3365 4 5
3366 3 10
3367 12 6
3368 5 4
3369 4 4
3370 7 11
3371 13 15
3372 3 12
3373 5 8
3374 14 7
3375 13 3
3376 9 12
3377 9 9
3378 5 11
3379 4 12
3380 15 8
3381 2 5
3382 2 4
3383 11 11
3384 4 4
3385 12 10
3386 2 11
3387 4 2
3388 4 6
3389 4 10
3390 8 11
3391 11 12
3392 2 13
3393 13 12
3394 15 6
3395 3 5
3396 9 11
3397 9 15
3398 9 4
3399 5 15
3400 8 11
3401 4 14
3402 11 15
3403 14 4
3404 11 12
3405 10 6
3406 4 13
3407 12 7
3408 9 11
3409 11 3
3410 5 8
3411 8 4
3412 3 2
3413 5 10
3414 15 10
3415 12 8
3416 15 4
3417 11 3
3418 4 9
3419 11 11
3420 2 14
3421 10 10
3422 14 3
3423 3 9
3424 12 4
3425 11 10
3426 15 2
3427 14 12
3428 12 8
3429 10 8
3430 7 15
3431 2 13
3432 10 8
3433 5 14
3434 9 14
3435 14 8
3436 7 11
3437 14 13
3438 14 15
3439 13 11
3440 3 8
3441 4 6
3442 9 14
3443 5 15
3444 3 6
3445 11 10
3446 8 6
3447 5 2
3448 13 13
3449 14 2
3450 11 10
3451 3 10
3452 2 8
3453 12 5
3454 13 14
3455 7 8
3456 7 3
3457 4 8
3458 12 11
3459 6 6
3460 15 10
3461 8 11
3462 7 11
3463 6 12
3464 8 14
3465 5 8
3466 10 14
3467 10 9
3468 4 7
3469 10 10
3470 9 6
3471 6 11
3472 7 14
3473 13 8
3474 13 4
3475 15 15
3476 12 3
3477 13 5
3478 9 14
3479 13 4
3480 3 5
3481 10 8
3482 14 7
3483 14 10
3484 11 13
3485 12 13
3486 2 4
3487 8 12
3488 2 14
3489 3 15
3490 4 9
3491 11 8
3492 3 3
3493 6 5
3494 7 3
3495 11 2
3496 13 8
3497 8 11
3498 12 10
3499 6 13
3500 11 2
3501 14 15
3502 4 12
3503 9 9
3504 2 5
3505 15 12
3506 14 10
3507 6 5
3508 2 14
3509 11 10
3510 10 13
3511 5 11
3512 4 12
3513 2 7
3514 5 12
3515 2 4
3516 3 6
3517 14 8
3518 7 12
3519 8 8
3520 11 5
3521 10 2
3522 13 13
3523 3 3
3524 10 6
3525 13 15
3526 10 11
3527 7 7
3528 15 6
3529 5 11
3530 5 9
3531 8 11
3532 2 6
3533 4 8
3534 10 3
3535 10 3
3536 10 6
3537 7 3
3538 14 10
3539 6 10
3540 15 14
3541 11 6
3542 13 9
3543 8 11
3544 9 14
3545 5 14
3546 7 14
3547 9 12
3548 9 11
3549 15 2
3550 9 3
3551 6 3
3552 8 12
3553 14 5
3554 12 13
3555 5 14
3556 7 8
3557 7 10
3558 10 2
3559 13 15
3560 6 5
3561 6 3
3562 8 12
3563 13 15
3564 7 3
3565 10 4
3566 9 7
3567 7 5
3568 11 6
3569 4 13
3570 12 5
3571 9 13
3572 5 5
3573 13 5
3574 15 6
3575 5 5
3576 5 15
3577 5 15
3578 11 7
3579 4 14
3580 3 3
3581 3 12
3582 12 9
3583 11 2
3584 14 15
3585 10 2
3586 15 9
3587 7 11
3588 7 9
3589 11 15
3590 6 9
3591 4 14
3592 10 6
3593 8 5
3594 14 11
3595 4 2
3596 10 14
3597 8 9
3598 10 2
3599 10 7
3600 8 15
3601 12 14
3602 4 9
3603 3 13
3604 10 9
3605 7 13
3606 2 2
3607 12 5
3608 8 11
3609 3 7
3610 7 11
3611 15 6
3612 4 10
3613 6 5
3614 6 9
3615 11 7
3616 7 4
3617 9 8
3618 5 8
3619 13 14
3620 7 7
3621 15 8
3622 6 9
3623 4 11
3624 4 11
3625 12 5
3626 15 3
3627 13 6
3628 14 5
3629 10 8
3630 15 8
3631 5 4
3632 14 13
3633 4 9
3634 14 2
3635 4 8
3636 9 4
3637 15 12
3638 10 10
3639 13 7
3640 14 9
3641 6 6
3642 10 15
3643 11 2
3644 8 3
3645 13 4
3646 2 5
3647 15 6
3648 9 15
3649 12 3
3650 9 13
3651 7 6
3652 7 7
3653 10 10
3654 14 6
3655 7 2
3656 8 3
3657 7 15
3658 12 11
3659 5 11
3660 11 12
3661 12 10
3662 4 14
3663 6 7
3664 7 12
3665 10 9
3666 14 13
3667 9 3
3668 8 11
3669 6 9
3670 12 4
3671 15 4
3672 12 14
3673 7 8
3674 12 11
3675 11 8
3676 15 3
3677 3 4
3678 7 5
3679 7 7
3680 12 6
3681 13 6
3682 11 12
3683 8 6
3684 9 14
3685 15 7
3686 13 11
3687 10 9
3688 8 4
3689 4 15
3690 2 4
3691 13 5
3692 12 6
3693 13 13
3694 13 3
3695 5 4
3696 8 3
3697 3 3
3698 9 10
3699 2 2
3700 14 8
3701 10 14
3702 3 3
3703 6 11
3704 4 3
3705 12 8
3706 6 5
3707 5 13
3708 6 9
3709 12 4
3710 4 10
3711 15 4
3712 2 2
3713 12 7
3714 15 7
3715 15 9
3716 9 15
3717 10 6
3718 10 9
3719 4 13
3720 10 4
3721 11 11
3722 9 12
3723 13 12
3724 11 8
3725 10 12
3726 12 10
3727 6 7
3728 9 10
3729 5 14
3730 3 9
3731 6 7
3732 8 6
3733 4 6
3734 2 2
3735 10 15
3736 14 15
3737 4 7
3738 6 9
3739 10 2
3740 13 9
3741 14 9
3742 6 2
3743 14 8
3744 14 6
3745 11 5
3746 14 2
3747 10 7
3748 5 8
3749 10 8
3750 8 5
3751 4 13
3752 13 12
3753 8 15
3754 8 5
3755 6 3
3756 8 12
3757 5 10
3758 14 14
3759 11 14
3760 13 12
3761 6 6
3762 12 13
3763 10 14
3764 6 8
3765 5 15
3766 3 4
3767 4 6
3768 3 12
3769 9 11
3770 9 6
3771 13 11
3772 9 5
3773 7 2
3774 4 2
3775 10 2
3776 4 3
3777 6 6
3778 4 13
3779 9 13
3780 2 5
3781 3 4
3782 2 9
3783 5 7
3784 8 6
3785 14 14
3786 9 7
3787 9 13
3788 14 2
3789 7 3
3790 15 14
3791 4 2
3792 6 14
3793 8 3
3794 10 9
3795 4 5
3796 15 6
3797 15 8
3798 15 2
3799 3 14
3800 13 5
3801 8 14
3802 9 5
3803 13 2
3804 5 9
3805 13 14
3806 3 10
3807 12 5
3808 9 8
3809 12 6
3810 7 4
3811 12 13
3812 2 13
3813 10 10
3814 3 6
3815 9 12
3816 6 5
3817 7 2
3818 15 12
3819 5 3
3820 5 12
3821 8 7
3822 2 4
3823 14 6
3824 11 3
3825 8 14
3826 5 2
3827 2 11
3828 14 13
3829 9 13
3830 11 4
3831 7 14
3832 3 5
3833 4 9
3834 3 12
3835 11 7
3836 14 12
3837 2 2
3838 7 12
3839 4 13
3840 10 14
3841 3 4
3842 9 5
3843 7 10
3844 14 12
3845 14 7
3846 14 9
3847 13 5
3848 2 13
3849 8 7
3850 13 4
3851 6 2
3852 9 13
3853 9 10
3854 6 10
3855 13 9
3856 5 11
3857 4 10
3858 7 7
3859 13 9
3860 6 15
3861 15 11
3862 15 10
3863 4 3
3864 10 4
3865 9 6
3866 15 6
3867 10 7
3868 9 2
3869 14 12
3870 10 8
3871 13 4
3872 2 11
3873 15 7
3874 14 11
3875 5 7
3876 13 3
3877 12 10
3878 15 8
3879 5 10
3880 12 9
3881 14 10
3882 4 11
3883 6 7
3884 8 12
3885 7 3
3886 3 10
3887 12 3
3888 2 15
3889 4 4
3890 15 2
3891 5 3
3892 9 5
3893 3 2
3894 11 12
3895 15 8
3896 12 9
3897 10 11
3898 13 11
3899 6 2
3900 7 5
3901 11 13
3902 3 2
3903 5 12
3904 9 15
3905 3 9
3906 14 12
3907 2 7
3908 10 13
3909 8 15
3910 7 14
3911 13 2
3912 15 11
3913 6 10
3914 2 13
3915 3 15
3916 6 3
3917 5 10
3918 3 3
3919 13 5
3920 10 8
3921 5 5
3922 10 12
3923 5 11
3924 12 4
3925 10 13
3926 10 8
3927 13 3
3928 14 12
3929 11 7
3930 12 9
3931 13 12
3932 8 3
3933 4 14
3934 4 10
3935 8 10
3936 7 12
3937 4 10
3938 11 9
3939 7 7
3940 10 7
3941 15 7
3942 8 14
3943 12 8
3944 15 13
3945 7 11
3946 5 11
3947 10 5
3948 8 14
3949 10 13
3950 6 7
3951 9 9
3952 8 2
3953 13 2
3954 6 11
3955 2 10
3956 4 6
3957 2 6
3958 5 5
3959 15 7
3960 2 14
3961 15 13
3962 15 6
3963 10 10
3964 10 11
3965 11 4
3966 3 2
3967 9 7
3968 4 4
3969 6 7
3970 11 5
3971 5 6
3972 14 6
3973 3 11
3974 8 11
3975 5 13
3976 3 13
3977 7 14
3978 9 4
3979 9 15
3980 13 13
3981 11 15
3982 3 11
3983 12 6
3984 2 13
3985 14 11
3986 8 3
3987 14 2
3988 14 7
3989 7 15
3990 8 8
3991 15 3
3992 15 14
3993 5 13
3994 12 15
3995 11 2
3996 12 14
3997 12 8
3998 2 6
3999 10 2
4000 7 10
4001 11 4
4002 7 10
4003 13 5
4004 4 2
4005 12 13
4006 8 9
4007 14 11
4008 11 10
4009 3 5
4010 8 6
4011 14 8
4012 4 4
4013 7 3
4014 9 11
4015 13 2
4016 10 8
4017 6 3
4018 8 10
4019 8 14
4020 13 4
4021 14 4
4022 9 10
4023 5 9
4024 8 12
4025 11 5
4026 10 11
4027 13 10
4028 5 5
4029 3 6
4030 14 8
4031 7 12
4032 11 3
4033 3 12
4034 8 8
4035 7 7
4036 5 7
4037 7 11
4038 12 2
4039 14 6
4040 4 7
4041 11 15
4042 14 9
4043 11 4
4044 9 2
4045 15 5
4046 5 12
4047 7 4
4048 14 13
4049 15 3
4050 3 13
4051 2 5
4052 11 4
4053 15 15
4054 15 6
4055 2 7
4056 13 14
4057 3 6
4058 9 9
4059 2 7
4060 5 13
4061 10 5
4062 5 10
4063 10 14
4064 6 10
4065 9 11
4066 13 4
4067 13 13
4068 12 2
4069 8 11
4070 12 10
4071 2 6
4072 4 2
4073 6 5
4074 14 13
4075 11 6
4076 2 9
4077 12 2
4078 3 8
4079 12 6
4080 12 15
4081 12 7
4082 15 3
4083 2 6
4084 15 12
4085 8 5
4086 8 10
4087 13 3
4088 7 9
4089 15 11
4090 10 3
4091 4 5
4092 10 9
4093 10 13
4094 2 2
4095 5 10
4096 6 7
4097 9 8
4098 13 4
4099 2 7
4100 12 7
4101 7 12
4102 6 5
4103 10 6
4104 14 2
4105 12 6
4106 8 15
4107 2 10
4108 6 5
4109 4 7
4110 8 12
4111 4 3
4112 13 8
4113 10 12
4114 11 15
4115 12 12
4116 5 8
4117 5 11
4118 4 8
4119 6 11
4120 7 9
4121 10 4
4122 5 12
4123 4 11
4124 10 12
4125 14 5
4126 15 4
4127 6 13
4128 13 10
4129 4 8
4130 14 4
4131 12 11
4132 4 7
4133 3 10
4134 10 13
4135 3 4
4136 7 15
4137 4 13
4138 2 14
4139 7 8
4140 8 6
4141 9 13
4142 15 12
4143 13 6
4144 4 14
4145 5 3
4146 4 4
4147 2 14
4148 11 11
4149 6 11
4150 11 11
4151 5 11
4152 5 5
4153 12 2
4154 7 3
4155 13 14
4156 9 4
4157 10 15
4158 11 9
4159 13 12
4160 7 4
4161 15 8
4162 9 9
4163 4 4
4164 5 5
4165 2 8
4166 14 2
4167 6 8
4168 5 13
4169 12 5
4170 14 5
4171 3 4
4172 9 15
4173 11 9
4174 13 7
4175 15 9
4176 5 8
4177 8 14
4178 2 11
4179 13 15
4180 8 13
4181 7 8
4182 11 13
4183 11 11
4184 10 10
4185 12 13
4186 14 2
4187 10 3
4188 9 9
4189 15 2
4190 5 10
4191 10 8
4192 13 2
4193 10 8
4194 10 14
4195 12 2
4196 5 6
4197 9 8
4198 6 14
4199 15 6
4200 9 4
4201 8 6
4202 11 2
4203 13 10
4204 4 9
4205 15 12
4206 9 3
4207 13 10
4208 3 4
4209 14 11
4210 13 10
4211 4 8
4212 8 7
4213 9 2
4214 4 9
4215 11 13
4216 5 9
4217 3 6
4218 7 13
4219 12 13
4220 14 4
4221 13 13
4222 3 3
4223 3 13
4224 9 12
4225 7 3
4226 10 13
4227 8 13
4228 14 10
4229 11 4
4230 8 10
4231 8 2
4232 14 4
4233 7 11
4234 15 12
4235 15 4
4236 4 15
4237 4 4
4238 14 13
4239 2 8
4240 6 6
4241 13 14
4242 9 6
4243 12 4
4244 3 4
4245 5 2
4246 11 14
4247 6 2
4248 9 9
4249 15 9
4250 10 14
4251 2 11
4252 9 5
4253 5 11
4254 12 9
4255 9 8
4256 9 3
4257 11 11
4258 2 5
4259 10 6
4260 11 12
4261 10 15
4262 15 5
4263 2 4
4264 4 2
4265 12 7
4266 2 4
4267 15 2
4268 12 11
4269 15 11
4270 6 7
4271 3 2
4272 3 8
4273 4 4
4274 12 6
4275 11 12
4276 13 13
4277 11 11
4278 14 10
4279 4 9
4280 13 11
4281 7 2
4282 3 14
4283 6 7
4284 7 8
4285 15 3
4286 14 8
4287 15 10
4288 3 6
4289 9 4
4290 3 13
4291 15 6
4292 7 10
4293 8 10
4294 5 13
4295 5 11
4296 2 3
4297 11 13
4298 12 10
4299 3 9
4300 13 13
4301 11 14
4302 13 6
4303 8 11
4304 15 7
4305 6 10
4306 11 11
4307 7 4
4308 11 11
4309 9 10
4310 13 12
4311 9 9
4312 14 4
4313 11 5
4314 13 6
4315 5 2
4316 3 2
4317 9 12
4318 14 3
4319 13 15
4320 5 14
4321 11 8
4322 8 2
4323 7 7
4324 10 14
4325 12 5
4326 2 12
4327 5 13
4328 6 6
4329 14 3
4330 6 6
4331 10 10
4332 7 14
4333 2 3
4334 12 7
4335 7 8
4336 13 11
4337 11 2
4338 15 4
4339 5 7
4340 15 7
4341 12 9
4342 9 14
4343 2 12
4344 4 9
4345 4 12
4346 9 15
4347 10 7
4348 9 14
4349 15 8
4350 13 2
4351 15 10
4352 6 11
4353 13 12
4354 7 10
4355 10 2
4356 5 11
4357 12 7
4358 14 14
4359 7 3
4360 4 6
4361 15 2
4362 7 8
4363 12 10
4364 15 4
4365 11 11
4366 8 4
4367 11 3
4368 15 14
4369 14 6
4370 13 15
4371 7 13
4372 2 6
4373 8 3
4374 9 5
4375 7 9
4376 15 6
4377 5 10
4378 6 4
4379 3 7
4380 14 2
4381 14 5
4382 3 9
4383 10 2
4384 14 9
4385 10 4
4386 5 7
4387 9 13
4388 15 10
4389 6 14
4390 7 4
4391 14 15
4392 3 15
4393 10 12
4394 4 5
4395 13 2
4396 9 8
4397 13 15
4398 10 3
4399 2 6
4400 2 12
4401 15 11
4402 15 3
4403 7 9
4404 2 3
4405 10 14
4406 12 13
4407 6 2
4408 11 14
4409 6 12
4410 5 7
4411 5 5
4412 6 6
4413 10 7
4414 14 9
4415 12 3
4416 6 4
4417 4 6
4418 3 2
4419 11 10
4420 10 3
4421 5 10
4422 7 10
4423 7 6
4424 4 13
4425 14 6
4426 11 5
4427 4 3
4428 6 11
4429 7 10
4430 9 2
4431 4 2
4432 9 12
4433 2 3
4434 8 2
4435 3 8
4436 8 4
4437 13 11
4438 11 12
4439 15 13
4440 13 9
4441 11 7
4442 6 7
4443 15 5
4444 13 14
4445 12 14
4446 10 3
4447 14 14
4448 9 11
4449 4 3
4450 15 14
4451 13 9
4452 3 9
4453 6 12
4454 12 13
4455 14 9
4456 9 5
4457 5 4
4458 15 11
4459 6 7
4460 8 4
4461 13 12
4462 7 14
4463 15 7
4464 9 9
4465 2 3
4466 9 3
4467 7 9
4468 9 15
4469 4 6
4470 14 7
4471 11 11
4472 4 10
4473 3 8
4474 15 13
4475 14 3
4476 7 10
4477 12 3
4478 14 6
4479 10 9
4480 8 11
4481 8 5
4482 11 5
4483 10 4
4484 9 8
4485 3 7
4486 5 15
4487 13 11
4488 8 14
4489 8 11
4490 14 7
4491 10 13
4492 5 4
4493 12 12
4494 3 13
4495 13 11
4496 15 9
4497 3 11
4498 11 9
4499 7 10
4500 3 15
4501 9 4
4502 6 8
4503 3 11
4504 3 12
4505 15 11
4506 14 15
4507 8 7
4508 9 12
4509 12 2
4510 3 5
4511 15 4
4512 11 14
4513 12 14
4514 2 14
4515 4 12
4516 4 9
4517 10 6
4518 8 11
4519 11 9
4520 5 5
4521 12 7
4522 6 11
4523 14 12
4524 6 8
4525 13 7
4526 3 11
4527 2 11
4528 10 8
4529 15 4
4530 15 6
4531 2 7
4532 10 2
4533 2 13
4534 10 15
4535 7 3
4536 15 6
4537 15 2
4538 5 8
4539 13 11
4540 8 12
4541 7 13
4542 8 8
4543 8 8
4544 10 5
4545 12 4
4546 9 4
4547 5 10
4548 8 15
4549 7 15
4550 8 4
4551 6 15
4552 12 4
4553 4 2
4554 3 12
4555 2 4
4556 13 9
4557 12 8
4558 4 3
4559 4 12
4560 14 8
4561 15 9
4562 14 13
4563 11 8
4564 11 4
4565 9 10
4566 8 10
4567 15 9
4568 8 7
4569 5 4
4570 8 11
4571 2 11
4572 9 15
4573 13 5
4574 13 10
4575 6 8
4576 10 11
4577 7 2
4578 2 11
4579 9 13
4580 7 3
4581 11 9
4582 13 3
4583 4 13
4584 13 10
4585 15 14
4586 14 6
4587 9 10
4588 3 10
4589 11 3
4590 5 9
4591 12 13
4592 12 12
4593 3 12
4594 12 10
4595 14 11
4596 6 11
4597 2 7
4598 10 14
4599 2 9
4600 9 10
4601 9 11
4602 13 7
4603 8 7
4604 14 6
4605 6 4
4606 2 13
4607 11 13
4608 6 13
4609 14 11
4610 6 2
4611 12 9
4612 11 4
4613 11 2
4614 12 6
4615 14 13
4616 11 2
4617 6 9
4618 3 4
4619 10 3
4620 15 14
4621 6 6
4622 4 11
4623 6 6
4624 15 6
4625 2 13
4626 3 11
4627 4 11
4628 13 4
4629 12 9
4630 7 14
4631 4 6
4632 14 13
4633 5 9
4634 4 14
4635 10 15
4636 2 7
4637 3 4
4638 11 15
4639 4 15
4640 9 14
4641 8 14
4642 8 5
4643 12 9
4644 13 12
4645 4 5
4646 11 13
4647 15 7
4648 2 12
4649 6 14
4650 15 3
4651 2 4
4652 9 8
4653 9 6
4654 9 13
4655 14 10
4656 5 8
4657 12 13
4658 8 9
4659 6 4
4660 10 15
4661 8 2
4662 6 14
4663 9 8
4664 12 7
4665 10 12
4666 2 3
4667 10 12
4668 7 15
4669 8 11
4670 12 15
4671 6 7
4672 6 6
4673 14 3
4674 6 12
4675 11 8
4676 9 14
4677 12 13
4678 5 13
4679 12 11
4680 14 5
4681 10 7
4682 12 13
4683 4 7
4684 10 2
4685 12 2
4686 15 3
4687 2 8
4688 3 10
4689 3 12
4690 9 7
4691 5 13
4692 6 6
4693 5 2
4694 2 11
4695 3 2
4696 11 12
4697 15 5
4698 11 12
4699 3 13
4700 3 3
4701 15 11
4702 4 8
4703 12 14
4704 12 11
4705 14 4
4706 3 13
4707 4 6
4708 6 9
4709 12 3
4710 12 9
4711 6 14
4712 8 13
4713 12 14
4714 14 7
4715 6 4
4716 14 3
4717 6 14
4718 2 8
4719 8 7
4720 2 6
4721 15 6
4722 4 9
4723 3 9
4724 5 11
4725 8 4
4726 12 9
4727 3 4
4728 10 14
4729 8 5
4730 11 12
4731 3 9
4732 13 6
4733 3 2
4734 3 3
4735 11 13
4736 6 14
4737 9 2
4738 9 4
4739 12 12
4740 2 2
4741 12 8
4742 6 4
4743 13 7
4744 8 11
4745 2 10
4746 13 14
4747 9 9
4748 8 8
4749 15 13
4750 14 14
4751 14 3
4752 10 5
4753 2 8
4754 13 15
4755 14 9
4756 3 11
4757 10 7
4758 7 12
4759 6 8
4760 2 12
4761 12 3
4762 7 10
4763 15 7
4764 3 15
4765 9 14
4766 14 6
4767 12 5
4768 4 10
4769 2 8
4770 12 5
4771 6 13
4772 8 3
4773 12 13
4774 7 9
4775 3 12
4776 9 13
4777 5 4
4778 2 5
4779 2 13
4780 11 5
4781 9 8
4782 3 14
4783 10 12
4784 6 9
4785 10 15
4786 14 9
4787 2 2
4788 7 2
4789 7 14
4790 13 2
4791 8 3
4792 5 14
4793 12 12
4794 10 9
4795 12 15
4796 15 10
4797 4 13
4798 11 5
4799 3 2
4800 13 4
4801 9 12
4802 2 9
4803 11 2
4804 5 13
4805 12 4
4806 2 4
4807 12 2
4808 6 15
4809 14 3
4810 9 11
4811 4 15
4812 11 3
4813 15 15
4814 3 3
4815 9 11
4816 14 11
4817 5 3
4818 14 5
4819 8 7
4820 14 15
4821 13 12
4822 8 7
4823 3 12
4824 11 10
4825 4 7
4826 15 14
4827 5 14
4828 2 11
4829 4 7
4830 3 3
4831 6 4
4832 14 8
4833 4 13
4834 7 10
4835 4 9
4836 5 11
4837 2 4
4838 3 14
4839 15 12
4840 11 8
4841 14 4
4842 2 9
4843 3 2
4844 2 4
4845 3 13
4846 12 11
4847 6 8
4848 13 14
4849 14 14
4850 9 13
4851 4 5
4852 4 12
4853 6 10
4854 9 8
4855 5 4
4856 11 13
4857 2 11
4858 4 13
4859 9 11
4860 3 12
4861 15 14
4862 6 7
4863 8 2
4864 10 5
4865 5 3
4866 10 3
4867 11 7
4868 15 14
4869 10 10
4870 5 9
4871 14 12
4872 12 5
4873 6 2
4874 5 3
4875 14 4
4876 12 15
4877 9 9
4878 4 4
4879 12 2
4880 2 12
4881 7 6
4882 5 8
4883 6 7
4884 11 14
4885 14 9
4886 2 3
4887 13 2
4888 10 4
4889 4 14
4890 2 9
4891 10 3
4892 3 5
4893 13 9
4894 11 11
4895 7 8
4896 5 13
4897 12 7
4898 5 14
4899 3 7
4900 5 3
4901 5 13
4902 8 15
4903 5 8
4904 5 3
4905 9 11
4906 9 2
4907 8 4
4908 5 11
4909 9 4
4910 8 7
4911 4 9
4912 13 5
4913 12 7
4914 6 5
4915 7 4
4916 2 13
4917 11 2
4918 6 4
4919 3 15
4920 9 9
4921 8 4
4922 14 7
4923 5 6
4924 11 4
4925 14 14
4926 12 11
4927 4 11
4928 10 15
4929 5 3
4930 8 15
4931 10 9
4932 15 5
4933 11 9
4934 15 9
4935 6 2
4936 13 8
4937 13 15
4938 5 5
4939 7 8
4940 11 5
4941 11 4
4942 11 2
4943 8 2
4944 2 9
4945 13 14
4946 10 2
4947 8 10
4948 8 9
4949 14 14
4950 13 15
4951 3 9
4952 9 5
4953 3 10
4954 14 2
4955 13 13
4956 8 5
4957 4 7
4958 6 5
4959 12 3
4960 2 9
4961 12 6
4962 4 13
4963 9 15
4964 11 13
4965 11 2
4966 9 9
4967 14 4
4968 15 13
4969 8 4
4970 14 15
4971 7 12
4972 9 13
4973 12 2
4974 15 12
4975 3 8
4976 13 7
4977 10 2
4978 6 8
4979 14 6
4980 13 11
4981 10 11
4982 14 5
4983 14 12
4984 3 11
4985 7 13
4986 2 10
4987 12 7
4988 2 3
4989 8 7
4990 9 11
4991 2 7
4992 7 4
4993 12 10
4994 13 3
4995 10 13
4996 14 5
4997 4 7
4998 5 10
4999 3 12
5000 9 13
5001 14 11
5002 15 13
5003 5 14
5004 13 14
5005 5 7
5006 7 6
5007 10 12
5008 8 6
5009 2 3
5010 7 7
5011 9 9
5012 10 10
5013 15 3
5014 9 13
5015 10 12
5016 15 10
5017 6 9
5018 11 7
5019 14 12
5020 13 14
5021 3 5
5022 9 3
5023 3 8
5024 4 6
5025 3 3
5026 4 6
5027 3 13
5028 4 9
5029 4 15
5030 5 10
5031 12 2
5032 6 8
5033 12 10
5034 4 9
5035 7 8
5036 9 13
5037 12 2
5038 6 5
5039 3 2
5040 15 14
5041 5 15
5042 10 12
5043 7 8
5044 11 7
5045 12 12
5046 14 7
5047 9 11
5048 12 13
5049 10 15
5050 10 9
5051 9 6
5052 11 4
5053 14 6
5054 4 14
5055 6 5
5056 9 7
5057 6 14
5058 15 2
5059 4 7
5060 6 9
5061 4 11
5062 4 13
5063 10 6
5064 4 4
5065 15 13
5066 13 12
5067 14 4
5068 4 5
5069 3 2
5070 7 11
5071 4 9
5072 6 7
5073 4 5
5074 10 13
5075 2 12
5076 7 7
5077 4 7
5078 9 10
5079 4 10
5080 6 3
5081 2 8
5082 9 14
5083 4 9
5084 7 4
5085 2 13
5086 10 10
5087 7 12
5088 13 6
5089 9 6
5090 14 11
5091 12 4
5092 14 11
5093 13 9
5094 7 13
5095 3 13
5096 9 2
5097 4 12
5098 10 3
5099 6 2
5100 8 11
5101 15 5
5102 9 7
5103 3 7
5104 2 11
5105 12 5
5106 11 10
5107 5 14
5108 14 6
5109 5 2
5110 3 10
5111 15 9
5112 12 12
5113 3 10
5114 8 5
5115 9 7
5116 11 11
5117 10 2
5118 12 7
5119 8 4
5120 13 15
5121 8 7
5122 8 7
5123 2 6
5124 7 7
5125 6 9
5126 15 10
5127 3 5
5128 13 9
5129 13 8
5130 14 9
5131 6 4
5132 14 13
5133 8 13
5134 8 4
5135 15 11
5136 11 3
5137 4 5
5138 6 9
5139 15 10
5140 7 3
5141 11 14
5142 8 3
5143 2 8
5144 12 6
5145 8 4
5146 10 9
5147 13 11
5148 14 4
5149 5 4
5150 15 8
5151 6 10
5152 9 2
5153 15 15
5154 6 15
5155 11 6
5156 9 10
5157 13 9
5158 5 2
5159 14 2
5160 4 6
5161 6 12
5162 15 12
5163 9 3
5164 12 12
5165 6 8
5166 4 9
5167 13 12
5168 5 2
5169 3 14
5170 6 9
5171 3 11
5172 13 7
5173 11 9
5174 11 8
5175 15 6
5176 12 12
5177 9 13
5178 15 3
5179 7 10
5180 13 11
5181 2 15
5182 6 4
5183 11 2
5184 4 7
5185 9 13
5186 4 7
5187 4 2
5188 6 7
5189 8 12
5190 7 2
5191 6 6
5192 10 12
5193 3 10
5194 5 14
5195 12 4
5196 14 3
5197 11 14
5198 4 10
5199 7 15
5200 7 15
5201 15 12
5202 14 6
5203 6 12
5204 13 13
5205 7 3
5206 10 11
5207 7 15
5208 4 2
5209 4 10
5210 6 7
5211 14 9
5212 8 7
5213 4 3
5214 5 4
5215 10 5
5216 15 5
5217 14 10
5218 11 13
5219 15 10
5220 15 10
5221 13 10
5222 13 14
5223 14 3
5224 8 9
5225 3 3
5226 15 4
5227 2 9
5228 7 6
5229 13 7
5230 4 15
5231 9 11
5232 10 14
5233 7 4
5234 13 6
5235 2 13
5236 15 3
5237 5 4
5238 15 13
5239 4 13
5240 5 6
5241 4 5
5242 4 3
5243 8 13
5244 14 14
5245 3 3
5246 2 14
5247 9 14
5248 8 2
5249 5 3
5250 2 14
5251 12 10
5252 11 2
5253 9 3
5254 6 2
5255 3 6
5256 12 2
5257 14 3
5258 14 3
5259 11 5
5260 11 5
5261 4 12
5262 7 2
5263 3 4
5264 15 13
5265 6 11
5266 7 7
5267 4 15
5268 10 14
5269 13 11
5270 5 10
5271 11 3
5272 3 15
5273 11 14
5274 2 10
5275 5 13
5276 5 6
5277 4 14
5278 10 2
5279 13 3
5280 5 10
5281 15 13
5282 9 7
5283 13 11
5284 4 9
5285 12 3
5286 4 15
5287 7 8
5288 8 5
5289 10 5
5290 8 3
5291 14 7
5292 3 9
5293 3 10
5294 4 9
5295 14 7
5296 13 6
5297 10 13
5298 2 3
5299 7 9
5300 3 8
5301 6 9
5302 11 13
5303 6 12
5304 15 9
5305 5 10
5306 8 6
5307 15 8
5308 5 15
5309 3 15
5310 14 9
5311 12 7
5312 4 2
5313 12 9
5314 12 3
5315 8 9
5316 10 12
5317 12 3
5318 3 4
5319 8 8
5320 13 11
5321 3 13
5322 4 3
5323 7 5
5324 7 5
5325 11 15
5326 8 3
5327 5 15
5328 8 13
5329 9 6
5330 14 13
5331 14 11
5332 11 6
5333 14 14
5334 14 12
5335 8 7
5336 9 12
5337 11 8
5338 9 10
5339 6 4
5340 14 9
5341 3 3
5342 6 9
5343 9 5
5344 12 4
5345 2 3
5346 13 2
5347 15 3
5348 9 12
5349 2 4
5350 8 11
5351 12 7
5352 4 6
5353 11 11
5354 3 14
5355 3 12
5356 14 10
5357 14 9
5358 14 9
5359 5 6
5360 12 9
5361 9 10
5362 6 10
5363 7 14
5364 15 10
5365 10 2
5366 14 2
5367 8 3
5368 8 9
5369 7 15
5370 8 9
5371 9 2
5372 2 4
5373 10 12
5374 15 14
5375 6 13
5376 4 9
5377 8 4
5378 6 13
5379 8 9
5380 14 3
5381 11 12
5382 9 12
5383 10 12
5384 10 11
5385 9 9
5386 10 15
5387 4 10
5388 2 8
5389 6 9
5390 11 8
5391 11 12
5392 7 14
5393 6 7
5394 2 2
5395 11 2
5396 4 15
5397 7 7
5398 14 13
5399 11 2
5400 14 12
5401 7 8
5402 3 8
5403 7 7
5404 8 7
5405 2 12
5406 5 5
5407 5 12
5408 6 11
5409 3 13
5410 3 15
5411 6 3
5412 7 4
5413 2 10
5414 7 2
5415 9 12
5416 15 8
5417 11 10
5418 8 6
5419 2 13
5420 9 11
5421 2 7
5422 8 11
5423 8 7
5424 11 3
5425 14 9
5426 3 13
5427 12 5
5428 7 9
5429 10 14
5430 14 12
5431 7 4
5432 11 6
5433 7 8
5434 5 9
5435 12 15
5436 14 3
5437 15 15
5438 10 5
5439 6 6
5440 2 6
5441 11 8
5442 14 5
5443 11 13
5444 3 13
5445 15 11
5446 3 11
5447 7 6
5448 3 11
5449 14 10
5450 9 8
5451 5 7
5452 14 3
5453 12 15
5454 6 10
5455 14 6
5456 8 12
5457 10 7
5458 5 8
5459 8 6
5460 11 10
5461 9 12
5462 14 10
5463 4 2
5464 12 13
5465 10 15
5466 4 11
5467 9 5
5468 12 15
5469 13 9
5470 6 12
5471 10 14
5472 11 15
5473 14 8
5474 11 13
5475 12 2
5476 10 5
5477 7 9
5478 4 5
5479 4 13
5480 12 14
5481 6 15
5482 8 8
5483 7 15
5484 15 3
5485 12 5
5486 15 8
5487 6 15
5488 6 12
5489 4 6
5490 12 11
5491 5 8
5492 5 3
5493 4 5
5494 2 5
5495 14 15
5496 6 9
5497 9 10
5498 8 8
5499 12 2
5500 5 4
5501 6 4
5502 2 6
5503 14 14
5504 6 12
5505 10 4
5506 12 15
5507 2 13
5508 9 14
5509 2 2
5510 15 3
5511 7 11
5512 6 15
5513 3 8
5514 7 12
5515 12 3
5516 8 15
5517 13 15
5518 4 5
5519 3 11
5520 13 10
5521 3 10
5522 12 15
5523 11 14
5524 10 6
5525 9 3
5526 5 11
5527 3 14
5528 14 7
5529 7 15
5530 11 13
5531 8 14
5532 13 13
5533 5 8
5534 5 4
5535 3 4
5536 5 6
5537 9 8
5538 6 15
5539 11 2
5540 9 10
5541 7 13
5542 3 7
5543 10 8
5544 9 12
5545 5 6
5546 14 4
5547 7 9
5548 13 7
5549 15 6
5550 2 12
5551 11 2
5552 15 13
5553 12 14
5554 2 13
5555 14 12
5556 5 6
5557 10 8
5558 6 12
5559 13 7
5560 14 12
5561 3 10
5562 15 5
5563 15 9
5564 8 2
5565 8 6
5566 6 3
5567 15 14
5568 5 6
5569 5 15
5570 4 9
5571 12 7
5572 14 14
5573 12 8
5574 14 2
5575 6 15
5576 3 15
5577 14 9
5578 9 13
5579 8 15
5580 7 13
5581 8 15
5582 3 15
5583 4 13
5584 6 10
5585 3 7
5586 8 11
5587 13 15
5588 10 13
5589 7 9
5590 13 2
5591 14 2
5592 12 12
5593 4 12
5594 9 14
5595 12 4
5596 2 8
5597 5 12
5598 6 7
5599 11 3
5600 3 4
5601 5 10
5602 13 14
5603 15 12
5604 14 4
5605 15 11
5606 12 8
5607 14 7
5608 9 9
5609 15 13
5610 4 6
5611 4 12
5612 11 15
5613 7 14
5614 6 5
5615 3 8
5616 7 4
5617 8 8
5618 15 11
5619 5 2
5620 2 10
5621 12 11
5622 12 5
5623 3 9
5624 5 6
5625 13 15
5626 4 2
5627 8 11
5628 8 11
5629 6 4
5630 3 7
5631 4 11
5632 3 2
5633 13 10
5634 8 14
5635 9 15
5636 12 9
5637 3 5
5638 13 5
5639 5 15
5640 15 14
5641 6 6
5642 13 9
5643 8 4
5644 8 15
5645 5 11
5646 5 15
5647 6 13
5648 12 5
5649 8 4
5650 8 14
5651 4 2
5652 6 6
5653 5 11
5654 9 5
5655 7 11
5656 12 12
5657 9 3
5658 2 9
5659 4 15
5660 7 13
5661 8 12
5662 5 13
5663 8 13
5664 8 13
5665 11 6
5666 3 3
5667 10 2
5668 2 7
5669 5 9
5670 7 11
5671 12 14
5672 11 13
5673 13 14
5674 2 2
5675 6 10
5676 11 8
5677 6 8
5678 12 7
5679 4 10
5680 2 11
5681 4 6
5682 4 10
5683 9 7
5684 9 4
5685 3 7
5686 13 10
5687 8 4
5688 6 3
5689 7 2
5690 4 9
5691 15 15
5692 6 13
5693 7 8
5694 6 6
5695 11 15
5696 14 6
5697 10 7
5698 8 4
5699 7 13
5700 9 14
5701 4 10
5702 15 12
5703 12 14
5704 9 2
5705 5 4
5706 2 5
5707 4 2
5708 9 6
5709 4 13
5710 9 8
5711 3 9
5712 2 9
5713 7 13
5714 10 9
5715 9 9
5716 3 15
5717 13 15
5718 4 3
5719 7 3
5720 5 15
5721 6 4
5722 15 4
5723 13 10
5724 15 6
5725 11 12
5726 11 5
5727 11 2
5728 10 14
5729 11 4
5730 8 3
5731 5 14
5732 9 12
5733 3 7
5734 2 6
5735 12 12
5736 3 8
5737 7 11
5738 3 15
5739 7 4
5740 2 3
5741 9 15
5742 13 12
5743 9 9
5744 12 6
5745 11 12
5746 2 7
5747 2 12
5748 11 9
5749 7 13
5750 13 14
5751 11 4
5752 5 15
5753 2 14
5754 12 6
5755 7 14
5756 2 13
5757 3 10
5758 11 8
5759 3 8
5760 6 4
5761 5 14
5762 15 8
5763 3 2
5764 15 5
5765 4 8
5766 14 8
5767 6 12
5768 14 12
5769 4 3
5770 6 9
5771 14 8
5772 13 14
5773 6 12
5774 11 4
5775 7 12
5776 3 15
5777 7 10
5778 5 9
5779 9 8
5780 9 6
5781 11 11
5782 8 3
5783 14 8
5784 14 7
5785 11 4
5786 8 12
5787 8 3
5788 2 10
5789 7 9
5790 12 5
5791 12 12
5792 13 4
5793 9 10
5794 12 12
5795 10 3
5796 6 9
5797 8 3
5798 14 9
5799 6 4
5800 4 12
5801 6 15
5802 5 10
5803 8 6
5804 11 2
5805 10 3
5806 2 10
5807 3 10
5808 8 8
5809 3 9
5810 12 13
5811 11 15
5812 6 7
5813 6 11
5814 3 14
5815 10 2
5816 3 13
5817 12 9
5818 4 14
5819 4 15
5820 8 2
5821 3 8
5822 13 6
5823 7 11
5824 13 9
5825 14 12
5826 9 11
5827 14 6
5828 7 15
5829 14 4
5830 5 4
5831 3 13
5832 11 6
5833 15 12
5834 3 8
5835 10 2
5836 2 8
5837 3 2
5838 4 12
5839 9 9
5840 13 8
5841 15 12
5842 13 11
5843 13 9
5844 6 11
5845 15 11
5846 7 13
5847 12 13
5848 12 8
5849 14 6
5850 3 4
5851 4 2
5852 5 3
5853 15 2
5854 13 5
5855 15 2
5856 5 9
5857 12 4
5858 12 5
5859 8 15
5860 12 15
5861 14 10
5862 5 3
5863 6 14
5864 9 4
5865 9 8
5866 2 3
5867 4 4
5868 13 13
5869 9 9
5870 9 2
5871 15 9
5872 11 5
5873 5 6
5874 11 15
5875 15 8
5876 2 7
5877 2 3
5878 12 15
5879 13 8
5880 8 15
5881 9 13
5882 11 11
5883 13 10
5884 6 2
5885 9 8
5886 9 10
5887 11 13
5888 11 12
5889 15 15
5890 9 5
5891 13 2
5892 10 2
5893 8 11
5894 7 10
5895 3 6
5896 12 8
5897 9 3
5898 9 11
5899 12 7
5900 9 13
5901 8 2
5902 4 6
5903 13 5
5904 9 7
5905 9 5
5906 10 5
5907 11 12
5908 7 11
5909 15 15
5910 13 12
5911 9 4
5912 6 13
5913 13 8
5914 8 15
5915 12 12
5916 13 7
5917 14 9
5918 14 15
5919 4 11
5920 5 6
5921 13 13
5922 3 12
5923 9 4
5924 4 5
5925 4 11
5926 9 3
5927 14 8
5928 9 6
5929 5 5
5930 10 2
5931 2 7
5932 6 7
5933 12 4
5934 4 15
5935 15 10
5936 2 14
5937 3 7
5938 8 3
5939 11 5
5940 3 10
5941 5 9
5942 6 7
5943 14 7
5944 14 2
5945 14 10
5946 6 4
5947 15 13
5948 15 10
5949 11 12
5950 3 13
5951 2 9
5952 14 9
5953 15 14
5954 3 3
5955 14 11
5956 11 14
5957 15 3
5958 15 10
5959 2 10
5960 3 4
5961 12 3
5962 15 5
5963 7 4
5964 13 6
5965 13 9
5966 14 10
5967 9 13
5968 15 3
5969 4 12
5970 7 7
5971 15 4
5972 3 15
5973 5 9
5974 8 14
5975 14 2
5976 5 15
5977 14 9
5978 7 6
5979 10 4
5980 3 6
5981 7 13
5982 14 8
5983 7 12
5984 12 5
5985 4 14
5986 14 10
5987 8 14
5988 5 4
5989 14 8
5990 8 8
5991 9 15
5992 10 14
5993 12 7
5994 2 9
5995 4 14
5996 2 13
5997 14 10
5998 3 3
5999 7 7
6000 8 14
6001 4 8
6002 2 8
6003 14 2
6004 12 12
6005 4 11
6006 2 12
6007 13 14
6008 12 10
6009 6 8
6010 8 12
6011 13 10
6012 15 6
6013 13 13
6014 7 7
6015 2 15
6016 6 10
6017 11 4
6018 13 8
6019 9 12
6020 5 10
6021 11 14
6022 11 12
6023 9 13
6024 7 14
6025 14 12
6026 8 14
6027 5 6
6028 3 2
6029 10 7
6030 8 13
6031 13 13
6032 4 10
6033 10 6
6034 5 3
6035 10 10
6036 6 10
6037 7 14
6038 12 4
6039 2 2
6040 14 10
6041 11 6
6042 5 15
6043 14 6
6044 13 8
6045 10 3
6046 13 2
6047 15 7
6048 6 12
6049 10 7
6050 3 2
6051 14 12
6052 3 9
6053 6 11
6054 13 2
6055 9 7
6056 5 14
6057 13 11
6058 11 13
6059 12 12
6060 10 15
6061 11 5
6062 7 6
6063 6 12
6064 14 15
6065 13 11
6066 12 4
6067 13 8
6068 10 13
6069 5 3
6070 7 10
6071 11 5
6072 15 14
6073 7 9
6074 3 4
6075 13 8
6076 15 8
6077 3 3
6078 2 8
6079 4 9
6080 5 9
6081 3 7
6082 12 10
6083 8 11
6084 10 10
6085 14 8
6086 15 6
6087 11 9
6088 12 8
6089 9 13
6090 9 13
6091 8 15
6092 4 4
6093 10 4
6094 9 13
6095 9 4
6096 13 10
6097 15 10
6098 3 13
6099 5 9
6100 9 2
6101 13 4
6102 10 7
6103 3 11
6104 15 8
6105 3 3
6106 7 11
6107 6 2
6108 10 4
6109 3 7
6110 6 7
6111 6 6
6112 9 2
6113 14 4
6114 4 14
6115 11 8
6116 2 6
6117 6 5
6118 4 15
6119 13 9
6120 2 3
6121 10 7
6122 3 15
6123 2 8
6124 9 11
6125 6 11
6126 9 7
6127 14 8
6128 9 15
6129 13 15
6130 11 4
6131 14 4
6132 10 12
6133 9 14
6134 9 12
6135 9 4
6136 15 13
6137 7 3
6138 14 11
6139 12 11
6140 8 8
6141 5 8
6142 7 10
6143 2 12
6144 9 13
6145 6 12
6146 3 15
6147 4 13
6148 2 11
6149 12 14
6150 14 13
6151 6 10
6152 12 3
6153 12 10
6154 3 5
6155 11 10
6156 11 14
6157 2 11
6158 10 5
6159 14 9
6160 10 2
6161 3 12
6162 10 4
6163 2 6
6164 14 5
6165 5 15
6166 13 15
6167 11 9
6168 3 14
6169 10 11
6170 7 8
6171 11 2
6172 9 15
6173 2 7
6174 8 4
6175 8 2
6176 15 10
6177 7 8
6178 6 3
6179 3 3
6180 10 4
6181 6 4
6182 4 6
6183 14 3
6184 4 6
6185 8 12
6186 4 2
6187 11 7
6188 4 2
6189 13 2
6190 6 8
6191 3 7
6192 4 8
6193 7 6
6194 8 15
6195 3 2
6196 5 5
6197 14 11
6198 11 5
6199 9 10
6200 14 10
6201 8 3
6202 6 2
6203 7 9
6204 10 8
6205 3 9
6206 2 8
6207 12 5
6208 2 6
6209 10 11
6210 12 3
6211 5 14
6212 10 12
6213 14 4
6214 6 11
6215 8 9
6216 3 15
6217 12 10
6218 5 14
6219 4 7
6220 10 4
6221 14 5
6222 10 8
6223 10 9
6224 2 2
6225 15 9
6226 15 11
6227 6 12
6228 4 2
6229 2 9
6230 6 11
6231 6 15
6232 12 8
6233 7 15
6234 12 5
6235 11 15
6236 10 6
6237 2 4
6238 13 10
6239 11 3
6240 6 3
6241 8 13
6242 3 15
6243 4 13
6244 10 6
6245 8 5
6246 11 10
6247 14 7
6248 12 7
6249 12 6
6250 14 13
6251 9 6
6252 5 12
6253 7 7
6254 5 9
6255 11 7
6256 2 13
6257 4 12
6258 2 11
6259 9 2
6260 2 12
6261 4 8
6262 10 13
6263 13 9
6264 14 8
6265 10 3
6266 14 12
6267 12 3
6268 10 2
6269 15 15
6270 12 9
6271 12 3
6272 7 15
6273 8 15
6274 11 7
6275 8 4
6276 15 14
6277 14 13
6278 2 3
6279 9 7
6280 5 9
6281 2 5
6282 13 2
6283 14 6
6284 12 13
6285 7 5
6286 3 15
6287 11 12
6288 6 14
6289 13 5
6290 5 9
6291 7 2
6292 6 9
6293 13 13
6294 11 5
6295 2 5
6296 15 12
6297 8 3
6298 15 6
6299 11 10
6300 9 4
6301 10 5
6302 12 13
6303 11 12
6304 12 11
6305 11 4
6306 3 11
6307 4 13
6308 3 4
6309 6 11
6310 15 5
6311 10 13
6312 14 6
6313 5 15
6314 12 2
6315 13 12
6316 10 11
6317 6 12
6318 10 9
6319 2 8
6320 12 12
6321 12 2
6322 15 7
6323 8 15
6324 8 6
6325 3 12
6326 10 9
6327 9 7
6328 10 14
6329 2 13
6330 5 2
6331 6 8
6332 10 9
6333 7 2
6334 8 5
6335 7 3
6336 11 14
6337 2 13
6338 5 13
6339 8 3
6340 5 5
6341 4 7
6342 6 3
6343 12 12
6344 3 2
6345 9 8
6346 14 2
6347 11 14
6348 12 7
6349 15 6
6350 5 3
6351 9 5
6352 7 15
6353 2 15
6354 7 10
6355 14 5
6356 3 14
6357 11 11
6358 9 14
6359 3 12
6360 9 11
6361 3 3
6362 2 2
6363 8 7
6364 15 13
6365 3 14
6366 4 2
6367 14 9
6368 2 6
6369 11 12
6370 8 3
6371 3 12
6372 2 10
6373 2 6
6374 15 8
6375 8 3
6376 11 14
6377 8 5
6378 15 11
6379 14 12
6380 11 2
6381 9 8
6382 9 14
6383 8 11
6384 11 3
6385 7 12
6386 12 14
6387 2 9
6388 10 7
6389 11 5
6390 3 3
6391 2 11
6392 13 3
6393 11 14
6394 15 5
6395 11 4
6396 12 10
6397 6 7
6398 8 9
6399 13 11
6400 9 4
6401 5 4
6402 14 2
6403 2 4
6404 6 11
6405 8 10
6406 12 14
6407 7 6
6408 11 10
6409 14 4
6410 4 9
6411 6 11
6412 7 6
6413 7 2
6414 10 11
6415 12 12
6416 4 2
6417 5 10
6418 15 15
6419 10 15
6420 2 8
6421 7 5
6422 5 12
6423 5 14
6424 3 7
6425 5 12
6426 9 13
6427 13 9
6428 11 13
6429 7 15
6430 11 11
6431 7 11
6432 6 8
6433 7 4
6434 3 9
6435 14 2
6436 9 5
6437 2 12
6438 5 13
6439 5 9
6440 11 5
6441 5 9
6442 13 14
6443 15 7
6444 14 13
6445 8 5
6446 8 4
6447 15 2
6448 7 2
6449 3 7
6450 2 10
6451 3 4
6452 6 9
6453 5 12
6454 11 14
6455 7 2
6456 2 5
6457 5 6
6458 4 5
6459 6 13
6460 4 7
6461 15 10
6462 5 4
6463 5 2
6464 4 15
6465 6 3
6466 2 15
6467 12 4
6468 8 12
6469 14 3
6470 7 5
6471 6 9
6472 5 7
6473 14 7
6474 12 4
6475 10 14
6476 11 8
6477 13 3
6478 3 4
6479 4 14
6480 5 5
6481 10 8
6482 13 7
6483 7 11
6484 8 12
6485 5 2
6486 14 11
6487 11 5
6488 15 10
6489 6 14
6490 4 7
6491 5 2
6492 12 14
6493 6 15
6494 4 15
6495 10 11
6496 9 5
6497 13 3
6498 14 9
6499 14 12
6500 11 3
6501 4 10
6502 8 14
6503 12 14
6504 10 7
6505 9 10
6506 9 4
6507 7 13
6508 7 10
6509 13 9
6510 13 9
6511 9 6
6512 11 8
6513 12 14
6514 11 12
6515 2 5
6516 5 5
6517 9 15
6518 5 8
6519 5 6
6520 8 8
6521 11 4
6522 15 7
6523 6 10
6524 3 4
6525 14 3
6526 6 9
6527 10 7
6528 5 11
6529 2 9
6530 10 11
6531 7 8
6532 9 9
6533 8 8
6534 7 14
6535 9 7
6536 6 8
6537 2 4
6538 9 5
6539 6 12
6540 3 7
6541 3 6
6542 15 10
6543 10 10
6544 12 3
6545 14 6
6546 5 3
6547 3 3
6548 7 2
6549 10 5
6550 7 5
6551 12 7
6552 6 6
6553 13 15
6554 14 12
6555 15 6
6556 5 13
6557 11 4
6558 15 14
6559 13 13
6560 10 6
6561 2 14
6562 6 6
6563 15 7
6564 14 8
6565 8 15
6566 11 14
6567 12 2
6568 9 12
6569 10 14
6570 4 15
6571 8 5
6572 5 13
6573 13 5
6574 9 5
6575 10 11
6576 14 10
6577 14 9
6578 13 15
6579 9 7
6580 14 3
6581 7 15
6582 5 8
6583 14 13
6584 8 5
6585 9 9
6586 15 10
6587 2 7
6588 4 11
6589 15 4
6590 6 13
6591 2 9
6592 14 12
6593 15 7
6594 7 5
6595 8 8
6596 12 14
6597 8 14
6598 14 13
6599 10 6
6600 7 11
6601 2 11
6602 14 2
6603 4 4
6604 7 11
6605 12 14
6606 11 11
6607 11 15
6608 8 8
6609 5 8
6610 3 10
6611 8 5
6612 9 3
6613 7 11
6614 9 12
6615 6 3
6616 4 3
6617 12 10
6618 4 2
6619 15 13
6620 11 9
6621 2 4
6622 5 3
6623 8 6
6624 5 5
6625 6 12
6626 10 3
6627 9 2
6628 7 10
6629 2 4
6630 7 15
6631 8 8
6632 4 3
6633 4 10
6634 8 9
6635 13 3
6636 8 15
6637 5 4
6638 15 5
6639 6 8
6640 15 13
6641 12 9
6642 4 11
6643 11 6
6644 11 5
6645 10 13
6646 12 9
6647 6 5
6648 2 4
6649 9 3
6650 15 8
6651 11 14
6652 5 10
6653 7 11
6654 9 9
6655 9 11
6656 2 13
6657 3 6
6658 12 9
6659 7 13
6660 15 13
6661 14 6
6662 8 11
6663 15 14
6664 15 4
6665 8 5
6666 4 11
6667 13 8
6668 9 8
6669 12 4
6670 13 11
6671 3 8
6672 13 2
6673 5 15
6674 4 6
6675 12 10
6676 6 12
6677 3 13
6678 13 13
6679 5 9
6680 8 14
6681 10 3
6682 7 3
6683 14 3
6684 10 14
6685 14 7
6686 8 9
6687 4 6
6688 5 10
6689 2 9
6690 2 3
6691 12 13
6692 12 13
6693 9 8
6694 7 13
6695 8 15
6696 5 8
6697 2 2
6698 6 3
6699 13 4
6700 7 12
6701 13 9
6702 9 9
6703 3 3
6704 10 12
6705 5 13
6706 9 4
6707 9 15
6708 6 15
6709 4 4
6710 15 2
6711 11 3
6712 4 6
6713 3 10
6714 13 8
6715 4 3
6716 12 14
6717 2 12
6718 6 4
6719 9 7
6720 4 5
6721 13 2
6722 12 10
6723 5 9
6724 13 2
6725 15 12
6726 14 10
6727 12 12
6728 13 12
6729 3 8
6730 13 6
6731 9 2
6732 11 2
6733 2 14
6734 8 14
6735 5 5
6736 7 5
6737 5 3
6738 2 8
6739 2 2
6740 7 15
6741 5 12
6742 12 3
6743 5 3
6744 14 15
6745 15 12
6746 4 13
6747 4 2
6748 8 10
6749 3 15
6750 7 7
6751 10 12
6752 5 11
6753 5 10
6754 8 8
6755 3 5
6756 5 3
6757 7 7
6758 4 2
6759 8 12
6760 7 2
6761 8 5
6762 9 5
6763 3 12
6764 15 6
6765 12 11
6766 7 2
6767 3 5
6768 8 6
6769 14 11
6770 9 3
6771 13 10
6772 14 15
6773 11 4
6774 6 3
6775 11 7
6776 12 13
6777 8 12
6778 14 13
6779 4 7
6780 4 12
6781 14 13
6782 7 15
6783 12 9
6784 3 7
6785 2 11
6786 11 9
6787 8 10
6788 12 13
6789 5 10
6790 11 13
6791 2 5
6792 2 11
6793 14 3
6794 6 5
6795 13 8
6796 14 5
6797 11 3
6798 2 4
6799 7 9
6800 6 5
6801 4 8
6802 5 12
6803 2 5
6804 13 11
6805 9 13
6806 7 4
6807 6 7
6808 12 14
6809 14 2
6810 10 14
6811 8 12
6812 15 6
6813 14 2
6814 5 15
6815 13 7
6816 7 5
6817 5 10
6818 2 12
6819 5 14
6820 12 13
6821 13 5
6822 11 15
6823 8 10
6824 7 4
6825 9 12
6826 2 3
6827 15 9
6828 3 5
6829 2 12
6830 4 5
6831 4 3
6832 4 11
6833 10 15
6834 14 5
6835 5 10
6836 3 8
6837 13 9
6838 6 4
6839 13 5
6840 5 8
6841 4 11
6842 5 6
6843 6 11
6844 9 12
6845 5 6
6846 15 14
6847 9 3
6848 7 8
6849 8 4
6850 9 9
6851 8 10
6852 11 13
6853 8 14
6854 4 15
6855 14 9
6856 2 14
6857 8 8
6858 15 3
6859 14 6
6860 11 10
6861 4 10
6862 13 4
6863 6 8
6864 9 6
6865 9 6
6866 8 10
6867 11 9
6868 3 7
6869 4 13
6870 9 5
6871 4 5
6872 2 2
6873 15 10
6874 13 13
6875 7 9
6876 8 8
6877 8 13
6878 7 8
6879 9 6
6880 12 11
6881 3 8
6882 2 3
6883 8 11
6884 4 5
6885 14 8
6886 6 14
6887 14 13
6888 7 10
6889 13 9
6890 12 13
6891 7 13
6892 2 12
6893 8 8
6894 13 5
6895 5 9
6896 2 15
6897 7 12
6898 13 12
6899 2 13
6900 12 12
6901 4 6
6902 11 9
6903 12 4
6904 6 5
6905 11 11
6906 12 15
6907 4 2
6908 3 14
6909 3 12
6910 13 8
6911 8 13
6912 11 3
6913 10 5
6914 8 4
6915 15 8
6916 6 13
6917 6 10
6918 10 12
6919 8 11
6920 6 13
6921 8 14
6922 13 15
6923 3 3
6924 12 11
6925 14 14
6926 7 15
6927 4 6
6928 13 5
6929 13 8
6930 13 6
6931 2 4
6932 15 9
6933 2 3
6934 3 14
6935 13 8
6936 10 8
6937 12 6
6938 13 8
6939 4 4
6940 7 4
6941 13 4
6942 5 9
6943 4 10
6944 3 9
6945 11 15
6946 5 4
6947 5 2
6948 13 4
6949 14 14
6950 5 6
6951 15 8
6952 9 12
6953 11 3
6954 15 12
6955 4 3
6956 6 3
6957 8 3
6958 6 3
6959 7 2
6960 11 5
6961 9 9
6962 12 14
6963 3 2
6964 2 6
6965 14 2
6966 12 11
6967 14 2
6968 3 5
6969 10 14
6970 2 8
6971 11 10
6972 14 6
6973 9 9
6974 14 7
6975 11 8
6976 7 7
6977 12 7
6978 7 15
6979 5 7
6980 12 8
6981 8 11
6982 2 7
6983 15 7
6984 14 3
6985 2 9
6986 15 13
6987 8 13
6988 15 4
6989 2 11
6990 3 15
6991 10 6
6992 13 14
6993 15 5
6994 7 9
6995 11 12
6996 12 15
6997 9 10
6998 8 12
6999 5 2
7000 12 15
7001 7 2
7002 12 7
7003 15 2
7004 14 13
7005 7 12
7006 9 5
7007 11 9
7008 8 13
7009 11 14
7010 3 7
7011 8 9
7012 12 15
7013 13 3
7014 13 8
7015 6 11
7016 5 13
7017 4 15
7018 10 11
7019 14 15
7020 13 10
7021 2 4
7022 9 14
7023 3 6
7024 15 12
7025 10 15
7026 9 4
7027 9 3
7028 9 12
7029 10 5
7030 5 5
7031 4 14
7032 12 13
7033 3 3
7034 8 13
7035 2 4
7036 7 8
7037 14 6
7038 5 13
7039 6 12
7040 9 12
7041 3 12
7042 4 10
7043 12 13
7044 9 3
7045 14 13
7046 7 15
7047 5 11
7048 14 11
7049 3 12
7050 7 8
7051 13 13
7052 13 13
7053 8 12
7054 12 14
7055 10 15
7056 8 14
7057 5 5
7058 6 3
7059 6 3
7060 3 3
7061 7 13
7062 11 5
7063 13 3
7064 11 7
7065 4 15
7066 7 8
7067 11 13
7068 2 6
7069 2 11
7070 10 5
7071 15 8
7072 8 7
7073 14 7
7074 14 12
7075 14 4
7076 10 12
7077 11 11
7078 5 3
7079 8 2
7080 10 15
7081 9 7
7082 4 15
7083 6 15
7084 5 9
7085 12 9
7086 4 11
7087 6 4
7088 13 12
7089 15 14
7090 15 13
7091 2 11
7092 7 6
7093 10 13
7094 3 6
7095 15 13
7096 11 9
7097 12 15
7098 5 9
7099 6 13
7100 8 2
7101 14 7
7102 4 15
7103 13 5
7104 15 13
7105 14 5
7106 13 13
7107 2 15
7108 14 4
7109 15 9
7110 13 8
7111 6 15
7112 12 15
7113 4 2
7114 10 8
7115 7 8
7116 12 9
7117 7 14
7118 8 8
7119 3 10
7120 13 6
7121 6 13
7122 5 13
7123 15 10
7124 8 3
7125 4 7
7126 14 14
7127 11 15
7128 14 2
7129 15 13
7130 6 9
7131 12 4
7132 11 4
7133 9 13
7134 9 6
7135 4 5
7136 5 14
7137 13 5
7138 13 12
7139 2 7
7140 13 15
7141 11 3
7142 12 14
7143 15 4
7144 8 8
7145 12 15
7146 4 2
7147 3 7
7148 9 4
7149 2 3
7150 10 12
7151 7 11
7152 8 4
7153 12 13
7154 8 5
7155 2 3
7156 5 8
7157 9 6
7158 13 11
7159 4 12
7160 13 8
7161 14 13
7162 14 12
7163 12 3
7164 14 9
7165 15 15
7166 12 8
7167 6 12
7168 12 9
7169 7 2
7170 3 3
7171 3 3
7172 9 12
7173 12 10
7174 5 2
7175 11 11
7176 11 9
7177 6 13
7178 13 3
7179 14 11
7180 4 8
7181 9 12
7182 13 8
7183 6 11
7184 4 3
7185 7 3
7186 13 15
7187 14 10
7188 4 8
7189 15 13
7190 2 8
7191 10 15
7192 10 14
7193 14 10
7194 9 3
7195 10 15
7196 11 10
7197 13 15
7198 14 12
7199 3 14
7200 14 5
7201 12 3
7202 4 15
7203 11 13
7204 4 2
7205 10 9
7206 14 7
7207 3 2
7208 4 11
7209 5 12
7210 4 3
7211 10 6
7212 15 14
7213 2 3
7214 3 10
7215 6 7
7216 10 4
7217 8 12
7218 2 5
7219 6 2
7220 10 14
7221 6 12
7222 10 9
7223 4 11
7224 9 13
7225 7 10
7226 7 11
7227 10 10
7228 5 13
7229 3 12
7230 15 2
7231 5 2
7232 5 4
7233 6 15
7234 15 5
7235 4 11
7236 10 5
7237 11 7
7238 6 4
7239 13 11
7240 8 3
7241 10 6
7242 6 8
7243 12 4
7244 8 9
7245 3 6
7246 12 8
7247 13 4
7248 10 5
7249 3 12
7250 13 6
7251 12 13
7252 12 5
7253 13 7
7254 11 12
7255 12 15
7256 10 11
7257 4 8
7258 15 4
7259 7 14
7260 8 8
7261 2 11
7262 5 3
7263 6 3
7264 10 3
7265 12 10
7266 8 3
7267 7 12
7268 3 7
7269 7 14
7270 6 4
7271 15 14
7272 5 6
7273 2 3
7274 8 5
7275 8 3
7276 14 3
7277 4 10
7278 13 6
7279 11 15
7280 14 9
7281 3 10
7282 7 13
7283 11 15
7284 6 10
7285 6 11
7286 3 2
7287 4 7
7288 14 8
7289 4 7
7290 14 13
7291 12 14
7292 10 10
7293 11 15
7294 8 9
7295 11 4
7296 6 2
7297 12 10
7298 13 4
7299 12 4
7300 4 8
7301 11 13
7302 6 2
7303 13 12
7304 7 13
7305 14 5
7306 12 11
7307 8 13
7308 9 4
7309 9 7
7310 14 9
7311 10 6
7312 6 8
7313 10 13
7314 15 5
7315 6 12
7316 15 3
7317 6 8
7318 14 7
7319 15 3
7320 12 3
7321 3 13
7322 5 3
7323 4 11
7324 2 3
7325 13 6
7326 10 9
7327 14 15
7328 2 8
7329 12 10
7330 13 4
7331 9 9
7332 10 12
7333 12 10
7334 13 3
7335 8 2
7336 11 5
7337 15 13
7338 2 13
7339 8 13
7340 10 13
7341 7 5
7342 13 12
7343 15 10
7344 12 11
7345 2 11
7346 9 4
7347 12 14
7348 10 5
7349 4 3
7350 7 15
7351 4 10
7352 7 2
7353 8 9
7354 8 4
7355 7 3
7356 7 12
7357 5 15
7358 10 15
7359 14 15
7360 3 6
7361 6 9
7362 6 6
7363 5 2
7364 13 12
7365 11 8
7366 5 6
7367 12 10
7368 15 2
7369 9 11
7370 15 9
7371 2 7
7372 2 11
7373 9 7
7374 6 7
7375 3 2
7376 7 13
7377 4 8
7378 7 2
7379 3 8
7380 9 5
7381 3 10
7382 10 4
7383 8 3
7384 9 2
7385 4 14
7386 12 6
7387 5 9
7388 8 7
7389 6 7
7390 8 4
7391 10 14
7392 6 3
7393 9 12
7394 15 9
7395 4 4
7396 7 13
7397 8 2
7398 7 15
7399 13 5
7400 3 5
7401 6 2
7402 4 8
7403 8 13
7404 7 2
7405 4 12
7406 5 9
7407 12 6
7408 3 8
7409 9 10
7410 9 14
7411 12 13
7412 4 7
7413 14 14
7414 14 8
7415 10 13
7416 13 15
7417 15 8
7418 4 3
7419 3 14
7420 2 4
7421 4 7
7422 10 2
7423 14 12
7424 5 2
7425 12 15
7426 7 8
7427 11 13
7428 2 8
7429 9 6
7430 6 9
7431 3 14
7432 8 5
7433 11 4
7434 13 10
7435 4 5
7436 6 14
7437 3 15
7438 6 13
7439 5 12
7440 15 8
7441 5 9
7442 13 14
7443 14 3
7444 13 13
7445 10 11
7446 4 5
7447 15 11
7448 12 12
7449 4 5
7450 3 4
7451 8 2
7452 6 5
7453 4 8
7454 2 11
7455 5 3
7456 15 2
7457 8 8
7458 10 6
7459 13 12
7460 5 5
7461 7 8
7462 9 2
7463 10 8
7464 12 2
7465 6 3
7466 6 7
7467 6 7
7468 13 8
7469 5 7
7470 2 4
7471 2 2
7472 2 12
7473 13 7
7474 5 6
7475 9 6
7476 11 3
7477 8 4
7478 6 9
7479 7 7
7480 6 3
7481 3 12
7482 2 12
7483 10 14
7484 15 4
7485 7 7
7486 13 14
7487 7 13
7488 14 11
7489 10 11
7490 7 5
7491 12 6
7492 5 11
7493 8 3
7494 3 4
7495 12 13
7496 11 3
7497 2 11
7498 12 15
7499 5 5
7500 13 9
7501 3 3
7502 10 11
7503 7 6
7504 13 9
7505 14 5
7506 10 13
7507 4 2
7508 4 5
7509 8 10
7510 13 6
7511 14 15
7512 15 10
7513 7 7
7514 9 12
7515 13 3
7516 8 3
7517 9 8
7518 10 10
7519 14 2
7520 4 11
7521 6 13
7522 4 6
7523 2 11
7524 2 14
7525 13 5
7526 13 15
7527 8 9
7528 12 10
7529 15 10
7530 3 4
7531 9 14
7532 10 8
7533 10 14
7534 8 8
7535 11 6
7536 5 4
7537 2 4
7538 11 5
7539 11 13
7540 2 14
7541 10 9
7542 10 13
7543 13 10
7544 6 6
7545 15 5
7546 6 13
7547 6 10
7548 3 4
7549 5 2
7550 10 5
7551 6 2
7552 12 4
7553 6 4
7554 6 15
7555 14 2
7556 12 5
7557 15 5
7558 10 3
7559 2 12
7560 7 12
7561 11 7
7562 7 3
7563 13 10
7564 6 13
7565 4 8
7566 11 6
7567 7 2
7568 12 15
7569 2 15
7570 7 5
7571 13 6
7572 4 6
7573 2 10
7574 12 15
7575 14 14
7576 11 3
7577 13 13
7578 13 8
7579 12 6
7580 15 12
7581 12 11
7582 10 5
7583 15 9
7584 5 7
7585 6 5
7586 11 12
7587 14 15
7588 14 8
7589 4 9
7590 5 13
7591 13 8
7592 7 4
7593 9 3
7594 9 4
7595 9 4
7596 15 15
7597 4 5
7598 11 9
7599 13 4
7600 12 6
7601 2 6
7602 4 4
7603 15 8
7604 12 11
7605 5 3
7606 4 3
7607 8 5
7608 9 12
7609 8 3
7610 13 10
7611 4 13
7612 14 14
7613 2 11
7614 3 8
7615 8 2
7616 3 15
7617 2 14
7618 15 12
7619 2 4
7620 5 14
7621 3 6
7622 4 12
7623 11 2
7624 14 2
7625 14 3
7626 10 13
7627 15 7
7628 15 13
7629 3 5
7630 4 9
7631 14 11
7632 9 15
7633 4 6
7634 7 9
7635 4 5
7636 2 10
7637 13 6
7638 12 10
7639 3 2
7640 15 2
7641 3 10
7642 6 3
7643 10 15
7644 8 4
7645 2 5
7646 2 5
7647 8 8
7648 4 7
7649 12 6
7650 5 12
7651 8 12
7652 13 15
7653 3 9
7654 4 3
7655 5 3
7656 6 7
7657 3 11
7658 7 3
7659 7 3
7660 2 11
7661 4 4
7662 8 10
7663 7 11
7664 4 12
7665 8 4
7666 12 12
7667 6 11
7668 15 6
7669 7 3
7670 6 9
7671 12 7
7672 6 14
7673 13 14
7674 3 14
7675 2 15
7676 4 14
7677 12 4
7678 7 4
7679 8 9
7680 13 14
7681 14 9
7682 15 3
7683 3 11
7684 8 13
7685 6 4
7686 3 7
7687 4 4
7688 14 8
7689 7 7
7690 9 8
7691 9 13
7692 8 11
7693 14 12
7694 7 4
7695 14 12
7696 5 8
7697 8 10
7698 9 10
7699 10 9
7700 10 10
7701 15 5
7702 8 3
7703 11 13
7704 8 10
7705 11 14
7706 13 14
7707 13 5
7708 13 3
7709 5 7
7710 2 5
7711 15 2
7712 7 10
7713 9 4
7714 3 2
7715 7 7
7716 15 15
7717 15 14
7718 15 4
7719 6 9
7720 4 15
7721 15 10
7722 8 5
7723 5 15
7724 5 2
7725 13 4
7726 3 13
7727 13 4
7728 8 13
7729 2 13
7730 8 7
7731 2 13
7732 3 12
7733 11 3
7734 9 15
7735 11 15
7736 4 2
7737 4 7
7738 4 3
7739 5 3
7740 2 11
7741 15 15
7742 8 4
7743 14 4
7744 9 13
7745 4 13
7746 10 13
7747 6 9
7748 8 13
7749 7 9
7750 14 12
7751 13 2
7752 6 3
7753 4 2
7754 12 2
7755 11 14
7756 4 10
7757 4 2
7758 8 15
7759 8 12
7760 9 10
7761 13 15
7762 6 11
7763 10 6
7764 13 5
7765 8 4
7766 6 3
7767 10 8
7768 4 13
7769 5 8
7770 11 2
7771 5 8
7772 4 15
7773 13 10
7774 11 15
7775 3 15
7776 13 9
7777 9 7
7778 12 12
7779 8 15
7780 8 4
7781 2 14
7782 7 12
7783 8 5
7784 6 3
7785 3 3
7786 7 11
7787 14 15
7788 7 2
7789 5 6
7790 4 10
7791 3 3
7792 5 11
7793 2 14
7794 6 5
7795 10 5
7796 12 2
7797 5 6
7798 3 11
7799 11 2
7800 11 14
7801 9 2
7802 2 7
7803 3 6
7804 2 7
7805 14 6
7806 8 10
7807 5 7
7808 14 8
7809 13 7
7810 4 13
7811 12 3
7812 7 8
7813 13 10
7814 3 10
7815 14 14
7816 4 2
7817 11 14
7818 8 9
7819 11 15
7820 15 2
7821 6 4
7822 4 12
7823 9 3
7824 12 3
7825 13 5
7826 5 14
7827 12 12
7828 4 14
7829 13 4
7830 10 10
7831 13 11
7832 12 10
7833 14 7
7834 9 14
7835 4 7
7836 6 7
7837 11 15
7838 8 2
7839 13 14
7840 12 8
7841 5 5
7842 11 11
7843 3 4
7844 11 12
7845 9 3
7846 14 2
7847 4 14
7848 15 6
7849 10 15
7850 14 14
7851 3 9
7852 3 9
7853 7 4
7854 6 4
7855 3 6
7856 11 7
7857 7 3
7858 3 4
7859 13 14
7860 9 6
7861 9 6
7862 14 9
7863 12 4
7864 3 11
7865 9 2
7866 7 15
7867 6 8
7868 8 15
7869 11 12
7870 4 9
7871 7 10
7872 15 11
7873 7 7
7874 3 12
7875 8 10
7876 9 6
7877 12 2
7878 11 12
7879 2 13
7880 14 5
7881 13 15
7882 10 2
7883 4 15
7884 3 6
7885 8 4
7886 11 8
7887 15 3
7888 5 8
7889 15 9
7890 12 3
7891 7 9
7892 9 12
7893 10 15
7894 9 3
7895 3 4
7896 13 3
7897 8 14
7898 8 5
7899 8 7
7900 3 7
7901 7 11
7902 9 5
7903 13 13
7904 9 3
7905 6 9
7906 2 10
7907 4 9
7908 4 12
7909 5 7
7910 11 2
7911 11 14
7912 8 2
7913 14 7
7914 14 8
7915 9 5
7916 2 5
7917 15 2
7918 14 12
7919 8 6
7920 6 12
7921 4 3
7922 4 3
7923 6 8
7924 3 6
7925 15 13
7926 9 15
7927 8 10
7928 5 12
7929 6 4
7930 15 2
7931 3 8
7932 7 14
7933 6 4
7934 5 7
7935 8 9
7936 9 10
7937 13 14
7938 4 13
7939 8 7
7940 13 11
7941 8 15
7942 2 10
7943 14 11
7944 5 3
7945 13 12
7946 11 11
7947 4 7
7948 12 15
7949 13 13
7950 15 13
7951 13 7
7952 2 4
7953 9 4
7954 9 15
7955 7 3
7956 14 12
7957 8 6
7958 10 13
7959 2 9
7960 15 15
7961 4 12
7962 9 12
7963 11 3
7964 2 5
7965 13 5
7966 8 13
7967 10 14
7968 4 11
7969 8 5
7970 7 5
7971 5 12
7972 11 2
7973 7 15
7974 7 2
7975 6 6
7976 10 15
7977 15 3
7978 13 9
7979 12 9
7980 8 8
7981 7 7
7982 15 10
7983 8 10
7984 14 7
7985 3 4
7986 9 8
7987 7 4
7988 10 11
7989 4 10
7990 8 8
7991 6 15
7992 12 13
7993 12 8
7994 12 6
7995 13 11
7996 15 3
7997 3 14
7998 15 3
7999 3 12
8000 2 11
8001 8 3
8002 9 13
8003 14 11
8004 10 3
8005 12 9
8006 10 11
8007 14 2
8008 12 6
8009 15 8
8010 5 5
8011 14 9
8012 10 8
8013 3 5
8014 15 9
8015 3 7
8016 14 9
8017 8 15
8018 12 13
8019 14 13
8020 8 2
8021 7 14
8022 5 10
8023 6 6
8024 12 6
8025 6 15
8026 14 8
8027 12 5
8028 2 8
8029 2 2
8030 2 4
8031 14 7
8032 15 15
8033 10 15
8034 13 11
8035 7 7
8036 4 11
8037 8 5
8038 10 8
8039 5 11
8040 12 8
8041 15 2
8042 14 11
8043 8 4
8044 12 8
8045 13 4
8046 8 7
8047 10 4
8048 8 5
8049 3 13
8050 14 4
8051 10 3
8052 12 11
8053 14 8
8054 15 14
8055 12 6
8056 15 10
8057 4 7
8058 5 3
8059 3 2
8060 8 2
8061 12 14
8062 11 4
8063 2 11
8064 13 10
8065 3 11
8066 8 2
8067 13 13
8068 4 9
8069 12 12
8070 14 7
8071 4 5
8072 12 5
8073 6 5
8074 10 15
8075 5 13
8076 14 14
8077 14 8
8078 14 6
8079 12 2
8080 6 3
8081 4 12
8082 2 12
8083 11 15
8084 3 3
8085 9 11
8086 3 3
8087 4 6
8088 6 4
8089 3 3
8090 9 15
8091 7 15
8092 5 8
8093 3 9
8094 14 2
8095 8 3
8096 9 12
8097 3 5
8098 12 8
8099 8 7
8100 12 9
8101 14 4
8102 4 6
8103 2 4
8104 12 11
8105 12 11
8106 15 2
8107 3 7
8108 7 9
8109 11 11
8110 10 2
8111 4 10
8112 13 6
8113 3 5
8114 11 2
8115 10 2
8116 10 10
8117 14 4
8118 5 15
8119 7 3
8120 5 2
8121 7 4
8122 5 3
8123 13 13
8124 4 6
8125 6 9
8126 5 3
8127 7 13
8128 10 12
8129 6 9
8130 13 14
8131 9 8
8132 10 8
8133 5 6
8134 4 5
8135 12 15
8136 13 6
8137 8 3
8138 11 14
8139 14 11
8140 6 4
8141 14 5
8142 13 9
8143 8 9
8144 8 11
8145 13 6
8146 15 7
8147 11 3
8148 11 8
8149 8 5
8150 11 7
8151 7 12
8152 15 3
8153 9 4
8154 2 10
8155 6 11
8156 8 6
8157 11 15
8158 12 10
8159 7 8
8160 2 3
8161 4 14
8162 7 8
8163 14 4
8164 7 5
8165 3 5
8166 12 7
8167 7 4
8168 14 7
8169 3 2
8170 7 13
8171 2 13
8172 7 5
8173 9 11
8174 14 7
8175 5 10
8176 3 8
8177 6 11
8178 5 10
8179 5 3
8180 10 6
8181 13 11
8182 14 15
8183 12 3
8184 11 12
8185 8 12
8186 14 8
8187 7 15
8188 7 5
8189 5 2
8190 14 9
8191 9 2
8192 6 8
8193 3 3
8194 9 4
8195 11 7
8196 11 8
8197 5 11
8198 2 6
8199 2 12
8200 14 15
8201 11 2
8202 9 6
8203 4 15
8204 8 2
8205 10 10
8206 2 7
8207 12 2
8208 3 9
8209 3 15
8210 14 8
8211 13 6
8212 6 7
8213 14 7
8214 8 3
8215 10 14
8216 7 9
8217 11 2
8218 8 6
8219 13 9
8220 9 15
8221 12 3
8222 15 7
8223 11 3
8224 2 5
8225 2 15
8226 2 4
8227 3 7
8228 15 13
8229 13 8
8230 5 4
8231 3 5
8232 13 14
8233 7 15
8234 10 2
8235 13 15
8236 2 6
8237 14 2
8238 3 2
8239 6 3
8240 6 7
8241 13 11
8242 14 14
8243 8 6
8244 13 4
8245 4 11
8246 9 3
8247 4 7
8248 15 4
8249 14 11
8250 15 8
8251 12 9
8252 12 3
8253 10 10
8254 5 11
8255 9 12
8256 9 6
8257 7 14
8258 13 9
8259 5 3
8260 6 14
8261 6 13
8262 3 7
8263 10 15
8264 15 5
8265 12 12
8266 13 15
8267 5 13
8268 3 3
8269 9 2
8270 5 2
8271 12 5
8272 9 15
8273 8 5
8274 9 3
8275 7 5
8276 15 11
8277 14 10
8278 10 15
8279 7 14
8280 6 13
8281 9 12
8282 4 15
8283 10 3
8284 4 5
8285 7 8
8286 9 15
8287 11 10
8288 5 14
8289 8 5
8290 3 6
8291 8 4
8292 12 6
8293 15 11
8294 12 3
8295 4 9
8296 3 13
8297 3 5
8298 2 9
8299 4 6
8300 2 9
8301 12 10
8302 9 7
8303 6 3
8304 10 3
8305 7 8
8306 5 4
8307 8 10
8308 8 10
8309 7 2
8310 9 6
8311 7 3
8312 2 12
8313 8 13
8314 8 5
8315 6 5
8316 8 4
8317 11 6
8318 10 11
8319 9 10
8320 8 3
8321 12 2
8322 12 5
8323 3 5
8324 3 2
8325 2 11
8326 6 5
8327 3 10
8328 3 6
8329 5 11
8330 13 13
8331 8 8
8332 8 3
8333 5 13
8334 15 13
8335 6 9
8336 5 4
8337 14 5
8338 7 12
8339 6 13
8340 11 6
8341 13 2
8342 3 4
8343 10 13
8344 11 9
8345 13 6
8346 15 13
8347 5 4
8348 7 12
8349 3 4
8350 4 7
8351 9 4
8352 2 12
8353 9 8
8354 7 2
8355 4 6
8356 3 4
8357 12 14
8358 15 2
8359 11 7
8360 9 11
8361 2 9
8362 15 5
8363 9 3
8364 2 15
8365 2 11
8366 12 6
8367 15 5
8368 10 10
8369 4 14
8370 4 14
8371 3 3
8372 6 14
8373 13 7
8374 9 9
8375 13 7
8376 10 6
8377 12 9
8378 6 7
8379 9 2
8380 15 7
8381 6 13
8382 7 10
8383 14 12
8384 15 15
8385 15 11
8386 9 3
8387 6 12
8388 10 13
8389 12 2
8390 4 8
8391 15 5
8392 12 4
8393 7 9
8394 2 5
8395 11 13
8396 13 8
8397 7 5
8398 13 3
8399 5 8
8400 12 3
8401 6 12
8402 12 10
8403 9 10
8404 4 6
8405 12 7
8406 7 8
8407 11 8
8408 6 6
8409 5 2
8410 11 10
8411 13 7
8412 15 11
8413 3 8
8414 14 9
8415 11 14
8416 14 7
8417 6 3
8418 2 9
8419 12 4
8420 9 12
8421 4 10
8422 6 11
8423 10 12
8424 4 6
8425 9 6
8426 3 14
8427 6 2
8428 9 2
8429 5 6
8430 15 11
8431 3 2
8432 9 6
8433 2 8
8434 7 12
8435 15 2
8436 2 6
8437 4 7
8438 6 14
8439 15 10
8440 12 14
8441 10 4
8442 3 13
8443 6 4
8444 13 5
8445 8 11
8446 3 6
8447 5 2
8448 9 7
8449 5 14
8450 12 12
8451 8 8
8452 8 3
8453 6 6
8454 11 6
8455 4 11
8456 8 12
8457 7 14
8458 11 4
8459 12 14
8460 5 6
8461 4 8
8462 10 5
8463 6 6
8464 3 6
8465 11 12
8466 9 10
8467 4 8
8468 14 15
8469 8 3
8470 4 10
8471 9 13
8472 7 10
8473 12 13
8474 7 9
8475 7 8
8476 9 8
8477 8 9
8478 2 10
8479 2 14
8480 8 3
8481 14 4
8482 11 6
8483 14 5
8484 11 10
8485 7 4
8486 11 10
8487 11 6
8488 2 14
8489 15 8
8490 4 8
8491 12 2
8492 9 14
8493 14 15
8494 10 9
8495 15 2
8496 3 2
8497 6 15
8498 12 3
8499 7 11
8500 3 15
8501 6 11
8502 9 13
8503 7 15
8504 2 3
8505 13 11
8506 12 10
8507 13 13
8508 2 13
8509 5 10
8510 4 10
8511 13 9
8512 4 5
8513 12 12
8514 15 4
8515 6 12
8516 6 13
8517 2 14
8518 9 11
8519 13 5
8520 3 3
8521 2 4
8522 11 3
8523 10 3
8524 5 5
8525 3 9
8526 2 15
8527 10 9
8528 8 2
8529 3 6
8530 8 9
8531 4 15
8532 5 15
8533 15 10
8534 6 15
8535 11 12
8536 9 15
8537 12 11
8538 3 8
8539 4 12
8540 2 4
8541 4 15
8542 13 12
8543 5 4
8544 10 13
8545 13 10
8546 5 9
8547 9 6
8548 6 12
8549 3 11
8550 9 7
8551 12 6
8552 8 8
8553 13 14
8554 3 9
8555 8 15
8556 8 4
8557 2 6
8558 9 3
8559 11 8
8560 2 11
8561 6 2
8562 12 12
8563 12 11
8564 9 2
8565 7 4
8566 9 13
8567 9 6
8568 2 4
8569 7 10
8570 15 15
8571 10 5
8572 7 13
8573 10 8
8574 10 3
8575 4 12
8576 4 7
8577 12 13
8578 11 7
8579 9 13
8580 15 14
8581 4 6
8582 14 14
8583 12 6
8584 8 3
8585 15 12
8586 9 8
8587 9 11
8588 12 4
8589 11 13
8590 10 14
8591 12 10
8592 6 4
8593 13 7
8594 11 11
8595 7 11
8596 11 15
8597 8 3
8598 2 2
8599 15 13
8600 4 5
8601 3 12
8602 3 9
8603 12 9
8604 7 14
8605 5 14
8606 14 13
8607 14 5
8608 3 4
8609 13 8
8610 14 8
8611 3 2
8612 11 6
8613 3 2
8614 15 13
8615 3 9
8616 14 7
8617 11 12
8618 15 2
8619 4 7
8620 3 13
8621 9 8
8622 4 12
8623 11 10
8624 5 5
8625 6 9
8626 9 12
8627 6 5
8628 5 13
8629 4 8
8630 15 10
8631 14 14
8632 5 3
8633 11 2
8634 12 12
8635 3 5
8636 2 14
8637 4 2
8638 7 14
8639 8 11
8640 10 15
8641 3 7
8642 4 12
8643 13 13
8644 12 10
8645 9 5
8646 15 5
8647 11 15
8648 9 10
8649 7 7
8650 11 10
8651 15 4
8652 14 3
8653 9 8
8654 12 8
8655 15 3
8656 11 3
8657 4 14
8658 10 6
8659 3 3
8660 9 5
8661 2 11
8662 10 7
8663 2 5
8664 15 6
8665 15 6
8666 8 13
8667 7 3
8668 15 15
8669 4 6
8670 3 10
8671 11 5
8672 15 10
8673 11 10
8674 6 8
8675 11 2
8676 10 13
8677 3 11
8678 9 6
8679 12 2
8680 2 7
8681 8 6
8682 5 7
8683 14 2
8684 4 5
8685 10 15
8686 13 7
8687 14 12
8688 2 5
8689 9 3
8690 14 11
8691 11 13
8692 15 14
8693 14 2
8694 7 3
8695 8 11
8696 13 11
8697 3 10
8698 9 4
8699 6 13
8700 2 3
8701 2 9
8702 10 5
8703 12 7
8704 8 9
8705 6 14
8706 15 5
8707 2 2
8708 2 14
8709 14 14
8710 5 10
8711 11 15
8712 8 12
8713 12 13
8714 2 10
8715 9 2
8716 8 14
8717 8 13
8718 4 8
8719 13 8
8720 10 4
8721 3 9
8722 3 11
8723 7 7
8724 5 7
8725 8 2
8726 5 5
8727 3 11
8728 2 5
8729 8 13
8730 14 14
8731 14 10
8732 11 2
8733 14 2
8734 15 13
8735 5 15
8736 2 3
8737 2 4
8738 9 4
8739 6 2
8740 7 7
8741 11 12
8742 5 6
8743 4 11
8744 8 9
8745 12 3
8746 12 3
8747 3 6
8748 10 5
8749 9 13
8750 13 15
8751 7 15
8752 5 9
8753 13 6
8754 7 14
8755 10 6
8756 15 12
8757 5 10
8758 6 7
8759 13 10
8760 10 3
8761 2 7
8762 8 13
8763 11 9
8764 6 3
8765 5 4
8766 15 10
8767 5 6
8768 13 10
8769 5 3
8770 7 13
8771 15 14
8772 4 2
8773 5 13
8774 9 12
8775 14 9
8776 3 2
8777 9 15
8778 2 6
8779 6 11
8780 8 6
8781 15 3
8782 2 6
8783 15 11
8784 8 9
8785 2 15
8786 8 8
8787 9 2
8788 5 5
8789 8 4
8790 12 8
8791 10 2
8792 12 6
8793 2 10
8794 14 7
8795 2 11
8796 14 7
8797 15 6
8798 14 14
8799 11 5
8800 14 2
8801 7 13
8802 15 11
8803 8 15
8804 8 14
8805 13 13
8806 14 2
8807 14 3
8808 10 8
8809 13 12
8810 6 15
8811 10 9
8812 8 11
8813 13 11
8814 14 10
8815 6 4
8816 8 9
8817 13 5
8818 4 2
8819 6 14
8820 12 6
8821 3 5
8822 14 10
8823 6 7
8824 11 8
8825 2 11
8826 6 7
8827 6 12
8828 6 14
8829 12 14
8830 14 11
8831 2 3
8832 6 11
8833 12 7
8834 15 6
8835 15 4
8836 9 9
8837 2 9
8838 2 9
8839 2 7
8840 9 12
8841 15 10
8842 5 8
8843 2 11
8844 3 6
8845 11 10
8846 7 3
8847 9 4
8848 6 14
8849 14 6
8850 6 15
8851 9 4
8852 5 12
8853 4 4
8854 15 11
8855 12 2
8856 5 3
8857 12 2
8858 4 12
8859 10 15
8860 9 11
8861 7 2
8862 10 13
8863 5 2
8864 13 6
8865 6 2
8866 12 15
8867 15 15
8868 7 10
8869 13 2
8870 11 5
8871 7 3
8872 3 10
8873 9 3
8874 10 3
8875 5 5
8876 7 11
8877 7 15
8878 15 12
8879 8 3
8880 12 8
8881 6 4
8882 2 7
8883 11 14
8884 7 7
8885 8 12
8886 7 9
8887 6 11
8888 2 4
8889 7 2
8890 6 4
8891 11 2
8892 3 11
8893 5 14
8894 7 10
8895 13 14
8896 13 10
8897 14 11
8898 13 7
8899 5 8
8900 15 11
8901 2 12
8902 13 4
8903 8 14
8904 12 3
8905 3 5
8906 11 10
8907 11 12
8908 10 13
8909 8 10
8910 13 3
8911 15 10
8912 14 2
8913 11 9
8914 12 10
8915 10 9
8916 7 6
8917 5 15
8918 11 6
8919 5 7
8920 5 14
8921 14 7
8922 5 9
8923 7 13
8924 3 13
8925 5 9
8926 13 8
8927 7 3
8928 7 10
8929 10 3
8930 7 12
8931 9 11
8932 5 9
8933 14 8
8934 5 11
8935 15 15
8936 4 10
8937 5 14
8938 8 12
8939 11 12
8940 4 11
8941 6 14
8942 6 7
8943 7 3
8944 3 8
8945 8 10
8946 4 11
8947 9 12
8948 14 5
8949 4 9
8950 2 4
8951 3 8
8952 6 14
8953 10 13
8954 9 13
8955 3 4
8956 15 2
8957 15 8
8958 2 13
8959 4 3
8960 4 10
8961 15 10
8962 8 8
8963 7 4
8964 8 13
8965 10 5
8966 13 6
8967 3 7
8968 15 7
8969 11 11
8970 11 3
8971 13 2
8972 3 13
8973 7 9
8974 8 12
8975 9 13
8976 15 8
8977 6 14
8978 9 13
8979 4 13
8980 4 13
8981 14 11
8982 15 10
8983 3 4
8984 2 11
8985 11 7
8986 12 12
8987 9 8
8988 7 9
8989 4 10
8990 13 11
8991 6 14
8992 3 5
8993 6 9
8994 7 2
8995 11 10
8996 10 11
8997 10 15
8998 8 6
8999 7 8
9000 7 14
9001 4 4
9002 2 15
9003 13 13
9004 5 8
9005 10 6
9006 11 11
9007 7 3
9008 7 6
9009 4 3
9010 6 6
9011 9 9
9012 5 4
9013 6 6
9014 11 14
9015 3 5
9016 12 6
9017 4 3
9018 5 10
9019 15 10
9020 14 4
9021 2 11
9022 2 10
9023 10 14
9024 5 2
9025 9 15
9026 15 2
9027 7 5
9028 6 11
9029 8 13
9030 9 10
9031 4 15
9032 9 6
9033 3 13
9034 13 15
9035 3 9
9036 8 9
9037 6 3
9038 15 4
9039 6 13
9040 12 3
9041 7 14
9042 3 13
9043 14 5
9044 13 3
9045 7 4
9046 10 7
9047 6 9
9048 12 13
9049 10 12
9050 14 3
9051 13 13
9052 7 2
9053 8 3
9054 13 14
9055 10 7
9056 5 15
9057 10 12
9058 15 12
9059 2 12
9060 12 2
9061 5 4
9062 11 8
9063 15 5
9064 12 5
9065 6 9
9066 4 9
9067 15 4
9068 13 9
9069 6 4
9070 5 12
9071 3 10
9072 15 13
9073 13 5
9074 2 8
9075 3 9
9076 10 11
9077 5 13
9078 4 2
9079 8 13
9080 6 11
9081 8 12
9082 11 5
9083 12 7
9084 9 10
9085 12 4
9086 6 15
9087 5 6
9088 12 9
9089 9 14
9090 12 8
9091 11 7
9092 10 9
9093 6 3
9094 5 3
9095 14 14
9096 6 8
9097 9 7
9098 5 12
9099 8 3
9100 4 9
9101 7 12
9102 3 7
9103 13 8
9104 13 4
9105 14 9
9106 15 14
9107 15 9
9108 11 8
9109 12 5
9110 2 6
9111 6 10
9112 5 15
9113 14 8
9114 2 10
9115 14 7
9116 6 12
9117 7 8
9118 8 14
9119 9 8
9120 8 6
9121 2 6
9122 9 13
9123 5 7
9124 12 15
9125 2 6
9126 9 8
9127 5 11
9128 4 10
9129 5 14
9130 12 3
9131 11 11
9132 7 4
9133 11 10
9134 2 13
9135 2 14
9136 8 3
9137 14 13
9138 7 7
9139 14 14
9140 10 3
9141 12 2
9142 10 5
9143 7 10
9144 5 4
9145 15 10
9146 8 15
9147 13 5
9148 6 14
9149 4 7
9150 7 8
9151 5 10
9152 13 5
9153 2 2
9154 15 2
9155 14 10
9156 3 10
9157 8 14
9158 9 2
9159 4 6
9160 6 2
9161 5 12
9162 14 13
9163 5 2
9164 6 13
9165 3 15
9166 14 8
9167 12 8
9168 4 15
9169 13 6
9170 15 3
9171 3 3
9172 10 13
9173 13 14
9174 13 8
9175 2 2
9176 13 15
9177 10 11
9178 4 3
9179 13 11
9180 14 8
9181 5 15
9182 11 15
9183 6 14
9184 7 8
9185 10 13
9186 2 6
9187 6 9
9188 5 3
9189 6 12
9190 11 9
9191 8 6
9192 8 3
9193 5 8
9194 10 6
9195 9 6
9196 13 10
9197 10 5
9198 8 2
9199 9 13
9200 8 7
9201 14 10
9202 13 3
9203 9 5
9204 11 2
9205 8 14
9206 5 9
9207 7 9
9208 11 3
9209 12 6
9210 7 4
9211 14 12
9212 3 3
9213 10 4
9214 5 15
9215 9 11
9216 5 3
9217 4 8
9218 11 15
9219 9 10
9220 13 15
9221 11 14
9222 5 2
9223 14 9
9224 6 8
9225 6 13
9226 7 15
9227 4 2
9228 7 13
9229 11 11
9230 8 15
9231 2 6
9232 13 5
9233 14 10
9234 14 9
9235 10 9
9236 7 12
9237 5 7
9238 9 13
9239 9 10
9240 10 15
9241 13 13
9242 3 3
9243 8 13
9244 3 8
9245 4 14
9246 2 4
9247 10 13
9248 3 4
9249 5 9
9250 15 3
9251 2 8
9252 9 4
9253 12 14
9254 10 9
9255 4 13
9256 15 10
9257 8 8
9258 2 6
9259 3 8
9260 6 13
9261 12 6
9262 10 7
9263 11 7
9264 11 12
9265 4 4
9266 6 10
9267 12 5
9268 14 11
9269 13 7
9270 10 11
9271 6 9
9272 9 5
9273 7 13
9274 13 15
9275 4 4
9276 10 13
9277 15 9
9278 2 7
9279 8 4
9280 4 9
9281 3 2
9282 6 13
9283 5 5
9284 13 3
9285 10 9
9286 7 3
9287 2 11
9288 9 11
9289 4 3
9290 7 12
9291 10 5
9292 7 12
9293 2 5
9294 6 6
9295 15 15
9296 8 11
9297 13 6
9298 7 11
9299 14 8
9300 6 10
9301 10 12
9302 12 5
9303 3 11
9304 4 3
9305 13 5
9306 6 4
9307 6 11
9308 3 4
9309 14 10
9310 11 12
9311 14 8
9312 7 11
9313 14 15
9314 11 11
9315 6 14
9316 13 15
9317 11 12
9318 9 5
9319 4 2
9320 14 5
9321 5 3
9322 14 11
9323 4 4
9324 4 9
9325 15 2
9326 7 3
9327 2 4
9328 10 14
9329 9 8
9330 12 9
9331 7 6
9332 10 14
9333 3 5
9334 10 8
9335 8 14
9336 8 13
9337 9 7
9338 6 15
9339 10 7
9340 10 3
9341 11 15
9342 5 4
9343 12 15
9344 6 13
9345 4 15
9346 8 10
9347 9 9
9348 13 14
9349 6 12
9350 3 10
9351 8 12
9352 7 4
9353 2 15
9354 7 15
9355 9 14
9356 12 7
9357 13 8
9358 5 11
9359 10 5
9360 8 7
9361 4 13
9362 2 5
9363 9 7
9364 10 5
9365 2 11
9366 6 7
9367 3 7
9368 6 10
9369 2 11
9370 6 2
9371 12 6
9372 12 9
9373 8 2
9374 13 13
9375 6 6
9376 12 2
9377 11 15
9378 2 15
9379 13 9
9380 11 12
9381 9 9
9382 4 9
9383 13 15
9384 12 14
9385 10 14
9386 3 2
9387 7 2
9388 11 13
9389 4 13
9390 13 4
9391 15 15
9392 4 3
9393 8 15
9394 15 3
9395 2 9
9396 12 13
9397 2 7
9398 3 15
9399 10 6
9400 15 5
9401 12 11
9402 13 2
9403 7 15
9404 12 15
9405 7 13
9406 4 11
9407 13 7
9408 10 2
9409 12 8
9410 8 15
9411 12 12
9412 2 3
9413 5 15
9414 14 10
9415 4 13
9416 6 3
9417 4 9
9418 2 6
9419 11 5
9420 13 10
9421 8 4
9422 12 13
9423 15 15
9424 2 6
9425 6 10
9426 7 3
9427 7 9
9428 11 15
9429 13 3
9430 11 9
9431 3 3
9432 3 4
9433 13 3
9434 4 7
9435 11 12
9436 2 14
9437 4 14
9438 2 5
9439 12 7
9440 9 3
9441 13 5
9442 6 15
9443 12 12
9444 15 5
9445 13 14
9446 13 4
9447 6 2
9448 8 13
9449 6 4
9450 6 4
9451 11 7
9452 8 5
9453 15 5
9454 6 5
9455 4 6
9456 6 13
9457 9 6
9458 3 9
9459 7 11
9460 7 7
9461 14 12
9462 10 9
9463 15 12
9464 12 15
9465 4 2
9466 15 11
9467 8 4
9468 10 11
9469 5 13
9470 8 7
9471 12 14
9472 12 14
9473 6 5
9474 7 13
9475 10 10
9476 15 13
9477 14 6
9478 3 10
9479 14 5
9480 6 5
9481 9 6
9482 2 3
9483 10 12
9484 12 4
9485 9 4
9486 9 11
9487 7 7
9488 11 8
9489 12 11
9490 2 7
9491 13 3
9492 12 7
9493 15 2
9494 4 8
9495 9 7
9496 7 12
9497 3 4
9498 7 6
9499 4 9
9500 10 4
9501 14 2
9502 9 14
9503 11 9
9504 11 11
9505 13 8
9506 13 8
9507 9 15
9508 5 6
9509 13 7
9510 11 7
9511 9 12
9512 8 6
9513 2 5
9514 14 10
9515 3 8
9516 8 14
9517 6 11
9518 8 11
9519 2 4
9520 10 4
9521 6 11
9522 13 10
9523 5 11
9524 14 4
9525 4 12
9526 7 14
9527 2 3
9528 6 14
9529 14 4
9530 14 7
9531 9 8
9532 4 9
9533 2 12
9534 4 5
9535 4 6
9536 6 3
9537 4 5
9538 15 5
9539 8 3
9540 13 5
9541 4 12
9542 10 15
9543 14 7
9544 2 9
9545 4 7
9546 3 9
9547 10 12
9548 8 13
9549 5 9
9550 12 8
9551 15 9
9552 13 5
9553 14 3
9554 8 4
9555 7 14
9556 4 8
9557 14 7
9558 6 15
9559 12 13
9560 15 8
9561 11 8
9562 10 3
9563 7 9
9564 12 13
9565 11 2
9566 5 11
9567 4 14
9568 5 7
9569 7 7
9570 10 15
9571 2 11
9572 11 14
9573 8 3
9574 12 5
9575 4 9
9576 5 2
9577 5 6
9578 8 3
9579 7 8
9580 12 4
9581 8 4
9582 6 6
9583 8 12
9584 15 9
9585 2 6
9586 8 4
9587 4 8
9588 12 10
9589 15 3
9590 9 14
9591 3 7
9592 12 13
9593 3 12
9594 15 8
9595 14 14
9596 2 4
9597 7 4
9598 11 10
9599 8 12
9600 9 2
9601 9 12
9602 12 8
9603 8 14
9604 2 6
9605 8 6
9606 13 12
9607 3 11
9608 14 14
9609 9 10
9610 7 14
9611 9 13
9612 7 15
9613 10 7
9614 3 14
9615 4 8
9616 10 14
9617 8 15
9618 12 3
9619 4 2
9620 7 13
9621 11 6
9622 5 10
9623 15 11
9624 13 15
9625 9 8
9626 2 9
9627 6 2
9628 3 15
9629 9 9
9630 7 2
9631 11 12
9632 7 6
9633 8 7
9634 12 6
9635 14 15
9636 2 10
9637 6 4
9638 6 7
9639 8 2
9640 9 7
9641 6 12
9642 2 11
9643 3 7
9644 13 2
9645 10 13
9646 8 5
9647 4 3
9648 10 3
9649 4 13
9650 4 12
9651 9 8
9652 6 7
9653 9 13
9654 11 5
9655 15 15
9656 13 15
9657 10 11
9658 9 2
9659 3 7
9660 7 2
9661 4 11
9662 13 12
9663 14 3
9664 8 10
9665 13 3
9666 7 12
9667 13 6
9668 8 8
9669 2 4
9670 13 6
9671 13 12
9672 13 3
9673 15 8
9674 3 14
9675 5 11
9676 6 6
9677 11 10
9678 10 15
9679 14 5
9680 13 14
9681 2 7
9682 11 9
9683 5 14
9684 8 6
9685 13 13
9686 14 4
9687 6 10
9688 12 2
9689 11 8
9690 4 12
9691 6 6
9692 2 8
9693 5 2
9694 14 8
9695 12 4
9696 6 6
9697 9 11
9698 14 12
9699 7 3
9700 5 5
9701 2 13
9702 7 5
9703 3 11
9704 6 13
9705 13 11
9706 15 9
9707 11 8
9708 12 11
9709 7 10
9710 8 9
9711 10 2
9712 7 7
9713 7 7
9714 15 9
9715 4 9
9716 15 13
9717 9 5
9718 10 13
9719 4 12
9720 8 6
9721 8 2
9722 12 15
9723 11 3
9724 12 9
9725 10 7
9726 3 5
9727 13 10
9728 7 6
9729 6 14
9730 7 9
9731 12 9
9732 2 4
9733 11 11
9734 4 11
9735 7 11
9736 8 8
9737 14 2
9738 14 6
9739 10 13
9740 9 5
9741 8 10
9742 4 8
9743 11 15
9744 3 3
9745 8 5
9746 5 3
9747 11 6
9748 4 15
9749 4 14
9750 14 13
9751 8 10
9752 8 7
9753 14 5
9754 8 11
9755 6 7
9756 14 7
9757 12 3
9758 12 12
9759 12 14
9760 12 7
9761 10 10
9762 10 8
9763 5 15
9764 8 9
9765 14 9
9766 6 15
9767 9 4
9768 15 4
9769 8 6
9770 2 10
9771 15 7
9772 14 9
9773 12 4
9774 12 3
9775 8 11
9776 12 8
9777 8 8
9778 5 12
9779 2 11
9780 5 4
9781 11 11
9782 10 3
9783 11 11
9784 13 8
9785 2 7
9786 11 5
9787 4 11
9788 12 9
9789 12 3
9790 7 2
9791 13 11
9792 14 12
9793 8 10
9794 10 15
9795 5 15
9796 4 9
9797 7 13
9798 15 5
9799 4 9
9800 13 5
9801 7 4
9802 6 3
9803 2 5
9804 11 9
9805 9 5
9806 12 11
9807 9 5
9808 14 4
9809 9 10
9810 12 3
9811 14 11
9812 15 7
9813 15 4
9814 5 9
9815 13 3
9816 2 13
9817 2 12
9818 12 8
9819 15 10
9820 9 15
9821 8 3
9822 14 8
9823 6 13
9824 10 3
9825 13 14
9826 11 12
9827 10 13
9828 2 9
9829 9 15
9830 13 2
9831 6 14
9832 8 15
9833 15 13
9834 14 2
9835 7 8
9836 13 10
9837 12 12
9838 9 8
9839 14 3
9840 3 4
9841 15 6
9842 14 15
9843 11 14
9844 14 3
9845 13 4
9846 7 8
9847 12 7
9848 4 5
9849 14 9
9850 5 6
9851 3 7
9852 12 13
9853 3 9
9854 13 9
9855 14 5
9856 14 6
9857 7 6
9858 13 9
9859 7 14
9860 9 13
9861 6 11
9862 6 11
9863 2 14
9864 4 4
9865 10 6
9866 2 5
9867 7 11
9868 7 13
9869 6 6
9870 13 4
9871 11 12
9872 6 9
9873 13 9
9874 12 6
9875 4 13
9876 14 13
9877 4 4
9878 11 6
9879 15 8
9880 6 12
9881 5 2
9882 15 5
9883 11 6
9884 4 11
9885 2 6
9886 7 13
9887 10 13
9888 15 10
9889 8 9
9890 11 4
9891 7 12
9892 4 11
9893 15 10
9894 7 10
9895 7 8
9896 15 9
9897 12 4
9898 15 10
9899 9 4
9900 9 8
9901 2 12
9902 3 7
9903 5 6
9904 5 5
9905 4 6
9906 11 14
9907 13 14
9908 3 12
9909 5 7
9910 9 9
9911 11 12
9912 2 15
9913 13 15
9914 15 14
9915 14 10
9916 5 13
9917 5 7
9918 12 2
9919 8 12
9920 3 7
9921 10 3
9922 6 10
9923 10 15
9924 13 10
9925 15 3
9926 14 2
9927 9 11
9928 10 5
9929 5 6
9930 14 13
9931 4 13
9932 12 15
9933 5 5
9934 13 13
9935 9 4
9936 2 11
9937 6 10
9938 6 3
9939 13 5
9940 13 15
9941 3 4
9942 10 6
9943 2 5
9944 5 5
9945 11 14
9946 11 9
9947 9 3
9948 10 14
9949 2 7
9950 14 12
9951 3 5
9952 9 3
9953 9 3
9954 9 5
9955 3 10
9956 11 5
9957 11 9
9958 6 11
9959 2 11
9960 8 15
9961 3 13
9962 9 14
9963 12 5
9964 11 14
9965 12 11
9966 14 9
9967 2 6
9968 14 8
9969 11 6
9970 9 12
9971 4 7
9972 10 9
9973 10 6
9974 12 6
9975 6 15
9976 10 5
9977 7 6
9978 12 10
9979 10 6
9980 12 9
9981 3 14
9982 4 9
9983 2 7
9984 10 9
9985 9 4
9986 4 3
9987 14 8
9988 12 6
9989 3 15
9990 9 7
9991 12 12
9992 10 15
9993 4 5
9994 14 3
9995 14 5
9996 5 6
9997 10 6
9998 7 14
9999 10 9
10000 3 12
10001 6 11
10002 5 11
10003 12 4
10004 7 4
10005 5 14
10006 8 14
10007 4 15
10008 4 11
10009 12 4
10010 7 10
10011 9 12
10012 11 14
10013 8 14
10014 13 6
10015 5 6
10016 9 15
10017 15 6
10018 7 4
10019 6 7
10020 13 7
10021 15 13
10022 7 9
10023 6 8
10024 11 8
10025 14 8
10026 2 14
10027 8 2
10028 8 7
10029 12 14
10030 4 9
10031 14 6
10032 2 15
10033 13 5
10034 5 12
10035 13 6
10036 6 15
10037 7 2
10038 7 8
10039 14 8
10040 7 10
10041 10 13
10042 5 14
10043 5 11
10044 10 9
10045 15 6
10046 3 3
10047 5 4
10048 7 13
10049 9 13
10050 11 9
10051 2 14
10052 12 8
10053 13 13
10054 9 5
10055 6 11
10056 11 8
10057 2 3
10058 2 12
10059 7 6
10060 10 7
10061 9 6
10062 3 9
10063 4 13
10064 3 7
10065 14 13
10066 8 15
10067 4 15
10068 4 11
10069 6 11
10070 5 10
10071 3 9
10072 5 7
10073 11 10
10074 14 12
10075 6 10
10076 10 15
10077 6 13
10078 2 4
10079 14 14
10080 3 15
10081 14 13
10082 13 13
10083 7 15
10084 7 14
10085 9 13
10086 5 4
10087 7 9
10088 5 9
10089 7 7
10090 5 12
10091 13 6
10092 6 11
10093 13 2
10094 4 3
10095 12 8
10096 8 8
10097 14 9
10098 14 2
10099 15 10
10100 2 10
10101 7 2
10102 11 8
10103 2 10
10104 15 14
10105 7 14
10106 10 9
10107 6 11
10108 7 12
10109 3 13
10110 3 11
10111 3 10
10112 14 3
10113 10 4
10114 14 10
10115 15 15
10116 3 11
10117 9 11
10118 12 5
10119 14 3
10120 14 12
10121 8 15
10122 6 9
10123 9 13
10124 4 12
10125 7 3
10126 4 12
10127 11 7
10128 9 10
10129 14 13
10130 13 15
10131 8 2
10132 8 11
10133 6 2
10134 11 15
10135 8 2
10136 2 5
10137 7 8
10138 4 6
10139 15 5
10140 11 12
10141 14 7
10142 10 9
10143 12 12
10144 5 14
10145 15 11
10146 7 13
10147 15 11
10148 4 5
10149 14 4
10150 5 6
10151 4 3
10152 2 10
10153 11 15
10154 2 14
10155 4 10
10156 7 3
10157 7 15
10158 7 5
10159 12 5
10160 5 6
10161 4 8
10162 6 5
10163 5 14
10164 7 2
10165 4 9
10166 3 15
10167 8 2
10168 9 15
10169 13 15
10170 13 5
10171 8 2
10172 9 9
10173 8 5
10174 5 14
10175 8 11
10176 15 3
10177 3 4
10178 10 11
10179 13 10
10180 3 4
10181 14 5
10182 3 9
10183 13 11
10184 7 13
10185 7 8
10186 5 5
10187 3 14
10188 10 7
10189 9 6
10190 10 3
10191 9 2
10192 2 8
10193 14 8
10194 8 15
10195 3 7
10196 7 6
10197 15 3
10198 8 15
10199 12 6
10200 5 13
10201 3 12
10202 12 14
10203 8 9
10204 2 6
10205 13 12
10206 7 2
10207 4 15
10208 5 4
10209 11 2
10210 4 10
10211 4 4
10212 13 9
10213 14 2
10214 2 11
10215 14 5
10216 15 13
10217 12 6
10218 7 11
10219 8 15
10220 4 8
10221 4 4
10222 10 4
10223 13 14
10224 14 12
10225 4 7
10226 3 14
10227 4 2
10228 9 5
10229 6 8
10230 12 7
10231 15 6
10232 11 7
10233 2 14
10234 2 7
10235 2 9
10236 2 13
10237 15 4
10238 8 2
10239 10 8
10240 14 11
10241 13 10
10242 4 4
10243 3 2
10244 7 5
10245 3 8
10246 3 3
10247 9 9
10248 8 15
10249 10 9
10250 4 15
10251 11 14
10252 12 2
10253 6 9
10254 9 6
10255 4 7
10256 12 10
10257 7 11
10258 12 13
10259 3 9
10260 9 13
10261 15 15
10262 11 5
10263 4 5
10264 10 4
10265 14 4
10266 5 12
10267 3 13
10268 3 13
10269 8 6
10270 11 3
10271 5 5
10272 6 4
10273 13 12
10274 6 7
10275 13 9
10276 12 11
10277 10 10
10278 11 6
10279 14 4
10280 7 8
10281 7 12
10282 4 11
10283 13 15
10284 2 13
10285 14 8
10286 12 2
10287 14 5
10288 4 2
10289 4 12
10290 2 15
10291 14 5
10292 4 8
10293 7 2
10294 11 9
10295 9 15
10296 7 5
10297 12 15
10298 15 11
10299 8 9
10300 5 9
10301 11 6
10302 10 9
10303 3 13
10304 6 12
10305 14 10
10306 7 7
10307 4 6
10308 7 14
10309 15 9
10310 14 10
10311 9 12
10312 3 12
10313 15 7
10314 14 10
10315 6 3
10316 14 7
10317 8 12
10318 2 10
10319 4 3
10320 5 9
10321 15 3
10322 3 10
10323 13 6
10324 4 15
10325 7 6
10326 9 8
10327 10 3
10328 15 10
10329 4 8
10330 15 10
10331 5 4
10332 15 12
10333 5 14
10334 2 5
10335 13 13
10336 7 10
10337 11 14
10338 4 11
10339 15 10
10340 10 2
10341 14 10
10342 7 10
10343 5 13
10344 10 4
10345 7 4
10346 3 12
10347 4 12
10348 12 15
10349 11 5
10350 15 14
10351 13 4
10352 10 11
10353 8 15
10354 5 6
10355 2 8
10356 6 8
10357 10 8
10358 9 9
10359 7 4
10360 13 6
10361 2 3
10362 6 13
10363 10 12
10364 6 5
10365 13 11
10366 11 3
10367 2 14
10368 8 4
10369 4 9
10370 15 4
10371 14 14
10372 5 8
10373 14 4
10374 12 8
10375 8 11
10376 5 5
10377 15 7
10378 3 5
10379 6 4
10380 8 3
10381 13 13
10382 11 12
10383 4 5
10384 9 4
10385 12 6
10386 14 7
10387 2 12
10388 3 10
10389 6 10
10390 3 14
10391 12 11
10392 9 5
10393 12 9
10394 6 15
10395 3 10
10396 13 11
10397 9 4
10398 3 14
10399 13 7
10400 6 2
10401 8 15
10402 6 3
10403 12 9
10404 8 11
10405 4 13
10406 13 15
10407 14 9
10408 14 6
10409 5 10
10410 3 3
10411 13 11
10412 11 15
10413 7 5
10414 15 15
10415 12 9
10416 15 13
10417 8 8
10418 2 12
10419 3 15
10420 14 6
10421 15 13
10422 13 6
10423 6 12
10424 10 7
10425 8 12
10426 15 6
10427 7 3
10428 2 3
10429 13 14
10430 9 5
10431 11 9
10432 5 11
10433 8 12
10434 6 3
10435 14 15
10436 13 9
10437 10 11
10438 15 11
10439 8 11
10440 10 15
10441 12 8
10442 2 11
10443 3 11
10444 15 14
10445 12 3
10446 11 3
10447 3 14
10448 5 7
10449 11 12
10450 13 11
10451 8 15
10452 8 13
10453 13 2
10454 7 12
10455 14 9
10456 15 9
10457 11 15
10458 10 2
10459 8 15
10460 14 12
10461 13 14
10462 8 12
10463 2 5
10464 11 4
10465 2 12
10466 7 3
10467 6 8
10468 14 2
10469 13 9
10470 15 6
10471 7 15
10472 12 7
10473 7 5
10474 6 9
10475 14 2
10476 7 9
10477 13 12
10478 6 14
10479 14 4
10480 5 10
10481 14 15
10482 10 12
10483 7 13
10484 8 14
10485 7 14
10486 15 4
10487 15 9
10488 15 3
10489 7 7
10490 11 10
10491 13 14
10492 15 5
10493 7 15
10494 6 3
10495 13 3
10496 12 8
10497 7 11
10498 9 12
10499 4 14
10500 8 5
10501 6 15
10502 13 9
10503 7 7
10504 14 9
10505 7 14
10506 4 4
10507 7 2
10508 3 5
10509 11 6
10510 10 13
10511 12 10
10512 6 14
10513 10 10
10514 4 8
10515 11 13
10516 3 5
10517 3 3
10518 13 11
10519 12 8
10520 15 6
10521 4 13
10522 7 10
10523 7 8
10524 4 8
10525 3 15
10526 13 15
10527 14 6
10528 11 11
10529 3 7
10530 5 9
10531 15 2
10532 5 10
10533 4 12
10534 6 2
10535 9 5
10536 15 13
10537 5 5
10538 5 9
10539 12 14
10540 5 4
10541 2 6
10542 5 2
10543 15 11
10544 9 15
10545 9 8
10546 10 10
10547 11 5
10548 8 4
10549 15 10
10550 11 8
10551 12 11
10552 8 13
10553 6 13
10554 14 7
10555 14 14
10556 6 8
10557 7 7
10558 5 7
10559 10 7
10560 3 13
10561 4 7
10562 15 15
10563 13 5
10564 14 10
10565 11 4
10566 3 14
10567 10 13
10568 9 10
10569 7 3
10570 14 15
10571 11 5
10572 13 7
10573 13 13
10574 12 10
10575 15 5
10576 9 6
10577 11 15
10578 2 9
10579 11 9
10580 9 11
10581 8 3
10582 4 2
10583 10 9
10584 10 12
10585 2 7
10586 9 15
10587 13 4
10588 3 12
10589 7 3
10590 13 6
10591 11 6
10592 13 2
10593 13 11
10594 9 8
10595 13 14
10596 4 8
10597 5 12
10598 9 6
10599 10 13
10600 12 6
10601 7 5
10602 11 14
10603 10 8
10604 4 14
10605 10 12
10606 11 7
10607 15 2
10608 11 2
10609 13 14
10610 7 11
10611 3 14
10612 3 11
10613 3 10
10614 8 13
10615 4 13
10616 5 5
10617 11 14
10618 14 4
10619 15 4
10620 2 12
10621 9 13
10622 3 7
10623 3 3
10624 8 11
10625 13 12
10626 8 14
10627 8 8
10628 13 9
10629 4 15
10630 7 4
10631 3 6
10632 7 4
10633 13 8
10634 6 9
10635 3 4
10636 6 8
10637 5 5
10638 7 12
10639 12 3
10640 7 9
10641 14 3
10642 10 6
10643 2 11
10644 2 10
10645 2 12
10646 7 3
10647 4 2
10648 10 2
10649 2 7
10650 8 6
10651 2 14
10652 11 11
10653 7 15
10654 3 4
10655 5 12
10656 11 9
10657 4 10
10658 5 7
10659 3 15
10660 12 4
10661 11 7
10662 11 4
10663 9 13
10664 15 14
10665 4 10
10666 4 15
10667 15 9
10668 2 11
10669 2 10
10670 14 3
10671 14 6
10672 6 3
10673 7 12
10674 4 11
10675 10 4
10676 3 9
10677 5 11
10678 4 11
10679 7 9
10680 12 10
10681 15 8
10682 14 9
10683 3 12
10684 10 3
10685 7 5
10686 7 4
10687 5 15
10688 9 5
10689 14 8
10690 2 7
10691 2 9
10692 14 15
10693 12 13
10694 14 15
10695 11 3
10696 15 10
10697 3 12
10698 12 7
10699 10 11
10700 11 13
10701 10 10
10702 8 14
10703 10 12
10704 5 6
10705 7 4
10706 9 14
10707 5 6
10708 12 8
10709 8 8
10710 8 3
10711 9 2
10712 9 3
10713 7 10
10714 9 11
10715 8 6
10716 9 14
10717 14 6
10718 14 12
10719 13 2
10720 10 15
10721 2 5
10722 3 6
10723 11 13
10724 11 10
10725 4 12
10726 7 13
10727 2 10
10728 2 2
10729 6 8
10730 5 7
10731 10 2
10732 15 15
10733 12 15
10734 8 13
10735 10 10
10736 15 4
10737 10 7
10738 12 13
10739 2 5
10740 3 9
10741 4 5
10742 13 7
10743 3 13
10744 5 9
10745 5 11
10746 12 11
10747 2 2
10748 8 5
10749 13 3
10750 6 2
10751 5 12
10752 15 15
10753 7 4
10754 8 15
10755 5 7
10756 15 8
10757 2 4
10758 4 11
10759 5 11
10760 12 6
10761 8 12
10762 11 13
10763 15 12
10764 6 5
10765 12 13
10766 6 8
10767 13 2
10768 8 15
10769 8 8
10770 6 15
10771 5 15
10772 14 9
10773 6 11
10774 2 12
10775 13 8
10776 2 13
10777 14 9
10778 4 12
10779 13 5
10780 3 12
10781 3 3
10782 4 14
10783 9 3
10784 4 10
10785 7 4
10786 13 6
10787 12 13
10788 13 8
10789 6 10
10790 6 6
10791 15 11
10792 6 3
10793 14 3
10794 8 15
10795 5 3
10796 10 15
10797 9 5
10798 4 10
10799 2 9
10800 9 3
10801 3 5
10802 2 15
10803 8 4
10804 3 14
10805 13 14
10806 3 5
10807 8 11
10808 7 9
10809 13 4
10810 9 11
10811 14 2
10812 12 10
10813 14 5
10814 14 5
10815 13 7
10816 2 11
10817 2 4
10818 7 15
10819 6 4
10820 7 9
10821 5 12
10822 2 8
10823 8 4
10824 6 10
10825 3 5
10826 4 12
10827 5 7
10828 12 13
10829 9 2
10830 15 9
10831 3 15
10832 5 11
10833 10 6
10834 10 4
10835 4 10
10836 7 2
10837 3 12
10838 3 8
10839 10 10
10840 2 11
10841 13 4
10842 13 7
10843 7 2
10844 4 3
10845 12 5
10846 2 8
10847 2 11
10848 2 15
10849 8 14
10850 11 3
10851 15 5
10852 14 12
10853 2 11
10854 10 3
10855 2 12
10856 15 9
10857 11 12
10858 8 6
10859 12 11
10860 8 9
10861 13 5
10862 12 9
10863 11 6
10864 7 12
10865 9 9
10866 4 9
10867 10 7
10868 5 4
10869 6 12
10870 13 4
10871 8 6
10872 4 7
10873 13 2
10874 8 14
10875 6 4
10876 2 9
10877 8 13
10878 10 15
10879 5 8
10880 4 15
10881 12 7
10882 5 8
10883 8 8
10884 9 13
10885 9 9
10886 8 9
10887 7 7
10888 7 12
10889 8 4
10890 13 10
10891 5 5
10892 5 13
10893 5 11
10894 5 15
10895 13 12
10896 14 11
10897 7 9
10898 10 15
10899 14 14
10900 8 7
10901 12 6
10902 5 8
10903 4 9
10904 3 10
10905 12 9
10906 6 15
10907 14 15
10908 11 8
10909 2 5
10910 5 7
10911 10 4
10912 12 8
10913 10 8
10914 4 9
10915 2 13
10916 5 8
10917 11 12
10918 4 6
10919 13 12
10920 11 14
10921 4 12
10922 8 11
10923 14 14
10924 5 4
10925 8 7
10926 9 5
10927 15 13
10928 4 14
10929 9 7
10930 11 14
10931 11 10
10932 13 12
10933 2 12
10934 3 14
10935 3 3
10936 2 2
10937 15 15
10938 2 7
10939 15 3
10940 7 7
10941 5 13
10942 4 5
10943 6 15
10944 3 7
10945 11 7
10946 11 15
10947 9 9
10948 7 13
10949 4 6
10950 6 3
10951 14 10
10952 4 4
10953 4 8
10954 3 10
10955 11 8
10956 4 10
10957 10 12
10958 9 13
10959 6 13
10960 15 5
10961 3 12
10962 4 9
10963 3 14
10964 2 4
10965 8 9
10966 8 9
10967 4 14
10968 2 11
10969 13 15
10970 7 9
10971 11 11
10972 4 9
10973 2 9
10974 12 11
10975 7 7
10976 3 7
10977 3 4
10978 4 11
10979 6 12
10980 8 4
10981 3 14
10982 12 5
10983 12 7
10984 6 13
10985 14 14
10986 3 7
10987 11 14
10988 9 2
10989 11 11
10990 8 4
10991 7 15
10992 6 5
10993 10 6
10994 10 2
10995 9 7
10996 4 2
10997 12 5
10998 13 6
10999 6 9
11000 8 7
11001 2 6
11002 13 14
11003 12 9
11004 12 3
11005 7 10
11006 2 4
11007 15 11
11008 2 13
11009 11 2
11010 6 8
11011 5 9
11012 8 8
11013 2 13
11014 12 6
11015 13 8
11016 7 7
11017 14 10
11018 15 14
11019 8 8
11020 13 7
11021 4 7
11022 13 6
11023 10 5
11024 9 6
11025 6 3
11026 9 12
11027 3 14
11028 12 7
11029 15 10
11030 3 2
11031 14 4
11032 14 14
11033 3 5
11034 3 4
11035 7 3
11036 4 11
11037 14 5
11038 14 3
11039 15 3
11040 2 13
11041 2 13
11042 14 7
11043 15 11
11044 3 4
11045 11 12
11046 15 9
11047 12 15
11048 7 14
11049 12 3
11050 11 3
11051 2 13
11052 4 5
11053 13 3
11054 4 3
11055 13 3
11056 2 8
11057 14 12
11058 5 5
11059 2 13
11060 3 8
11061 7 12
11062 10 5
11063 9 15
11064 5 13
11065 9 11
11066 13 4
11067 9 6
11068 13 12
11069 11 15
11070 15 2
11071 9 4
11072 10 2
11073 3 4
11074 5 6
11075 4 10
11076 11 5
11077 13 3
11078 13 14
11079 3 5
11080 4 15
11081 7 14
11082 5 4
11083 8 12
11084 15 11
11085 6 11
11086 8 10
11087 12 6
11088 5 8
11089 6 15
11090 7 13
11091 5 10
11092 2 12
11093 12 6
11094 6 14
11095 4 3
11096 2 3
11097 9 7
11098 13 2
11099 11 14
11100 15 8
11101 3 12
11102 14 13
11103 9 2
11104 13 12
11105 3 7
11106 11 14
11107 7 13
11108 12 11
11109 12 3
11110 11 6
11111 13 15
11112 7 9
11113 7 13
11114 14 9
11115 7 9
11116 6 14
11117 9 7
11118 10 13
11119 5 5
11120 11 4
11121 2 13
11122 7 8
11123 9 9
11124 7 14
11125 15 8
11126 9 15
11127 9 9
11128 4 4
11129 13 14
11130 8 8
11131 2 15
11132 4 14
11133 7 8
11134 15 12
11135 4 8
11136 7 2
11137 8 14
11138 15 12
11139 4 4
11140 11 4
11141 5 3
11142 2 8
11143 9 4
11144 6 7
11145 5 2
11146 9 8
11147 4 6
11148 15 15
11149 10 6
11150 5 5
11151 9 11
11152 13 9
11153 8 8
11154 15 4
11155 9 12
11156 2 7
11157 3 3
11158 7 13
11159 9 11
11160 6 4
11161 5 10
11162 9 14
11163 5 8
11164 9 2
11165 6 12
11166 4 7
11167 12 6
11168 12 11
11169 8 11
11170 3 11
11171 4 10
11172 6 7
11173 13 7
11174 14 13
11175 15 4
11176 7 11
11177 9 3
11178 2 9
11179 7 8
11180 5 5
11181 7 13
11182 5 15
11183 7 12
11184 9 14
11185 6 10
11186 7 11
11187 14 7
11188 13 5
11189 4 7
11190 14 12
11191 11 5
11192 13 11
11193 11 5
11194 15 15
11195 5 9
11196 11 9
11197 2 7
11198 10 3
11199 8 14
11200 4 11
11201 7 3
11202 10 9
11203 9 11
11204 13 6
11205 3 9
11206 8 14
11207 5 14
11208 14 6
11209 13 4
11210 7 15
11211 14 2
11212 9 5
11213 5 12
11214 2 7
11215 7 15
11216 11 9
11217 10 4
11218 14 6
11219 7 9
11220 7 11
11221 10 5
11222 15 14
11223 12 5
11224 11 11
11225 3 6
11226 13 2
11227 13 5
11228 10 14
11229 10 6
11230 5 14
11231 8 8
11232 13 15
11233 15 2
11234 6 6
11235 5 4
11236 6 2
11237 2 12
11238 12 14
11239 8 3
11240 7 9
11241 14 4
11242 9 12
11243 8 10
11244 4 11
11245 9 14
11246 7 3
11247 6 9
11248 6 5
11249 13 11
11250 9 6
11251 4 11
11252 4 7
11253 2 3
11254 2 15
11255 7 10
11256 9 7
11257 4 7
11258 15 13
11259 8 10
11260 2 12
11261 8 12
11262 7 8
11263 4 7
11264 11 15
11265 14 2
11266 12 6
11267 7 11
11268 14 11
11269 2 10
11270 2 13
11271 13 13
11272 4 9
11273 3 3
11274 4 4
11275 3 10
11276 4 13
11277 5 3
11278 14 7
11279 7 7
11280 3 8
11281 7 14
11282 3 9
11283 8 10
11284 2 10
11285 8 12
11286 14 8
11287 13 4
11288 10 15
11289 3 15
11290 5 9
11291 4 3
11292 14 15
11293 6 5
11294 5 2
11295 12 12
11296 10 2
11297 2 12
11298 15 13
11299 5 9
11300 2 2
11301 5 14
11302 5 4
11303 15 4
11304 10 7
11305 7 8
11306 14 12
11307 12 8
11308 2 10
11309 14 6
11310 9 2
11311 12 13
11312 13 8
11313 10 3
11314 2 5
11315 11 2
11316 5 5
11317 11 9
11318 2 7
11319 13 3
11320 11 7
11321 10 15
11322 4 8
11323 5 4
11324 10 2
11325 12 13
11326 11 6
11327 6 10
11328 7 10
11329 8 4
11330 15 5
11331 14 11
11332 6 7
11333 5 7
11334 6 8
11335 3 12
11336 6 9
11337 2 9
11338 11 12
11339 12 10
11340 14 8
11341 5 4
11342 3 2
11343 8 14
11344 3 13
11345 15 5
11346 5 14
11347 11 13
11348 13 6
11349 15 13
11350 12 5
11351 11 15
11352 6 7
11353 9 2
11354 12 12
11355 5 11
11356 15 6
11357 5 10
11358 2 6
11359 2 5
11360 15 4
11361 15 7
11362 5 9
11363 13 8
11364 13 7
11365 9 8
11366 11 14
11367 4 9
11368 9 10
11369 11 6
11370 14 12
11371 15 5
11372 3 11
11373 3 2
11374 15 2
11375 11 2
11376 15 2
11377 6 2
11378 6 9
11379 8 13
11380 11 4
11381 3 2
11382 7 5
11383 12 5
11384 8 13
11385 7 3
11386 6 8
11387 12 2
11388 6 14
11389 2 3
11390 6 4
11391 6 9
11392 14 5
11393 3 12
11394 13 12
11395 14 2
11396 9 4
11397 2 3
11398 3 13
11399 5 9
11400 15 11
11401 13 10
11402 6 6
11403 2 13
11404 11 9
11405 3 13
11406 13 4
11407 5 3
11408 8 12
11409 8 2
11410 2 9
11411 8 15
11412 9 8
11413 4 2
11414 11 2
11415 12 3
11416 14 6
11417 13 6
11418 13 9
11419 5 14
11420 6 2
11421 12 6
11422 15 5
11423 5 13
11424 9 14
11425 2 12
11426 2 15
11427 11 15
11428 15 8
11429 10 13
11430 9 14
11431 5 13
11432 15 13
11433 2 6
11434 7 3
11435 11 7
11436 9 15
11437 9 10
11438 4 7
11439 12 7
11440 13 10
11441 10 4
11442 7 13
11443 12 7
11444 8 4
11445 11 8
11446 7 9
11447 7 14
11448 6 4
11449 15 12
11450 14 9
11451 12 10
11452 8 7
11453 8 3
11454 11 6
11455 4 7
11456 7 12
11457 9 9
11458 14 10
11459 15 12
11460 4 2
11461 7 10
11462 15 12
11463 4 11
11464 7 10
11465 12 15
11466 13 4
11467 15 14
11468 11 4
11469 15 14
11470 5 15
11471 13 8
11472 3 15
11473 8 3
11474 10 10
11475 2 10
11476 3 11
11477 2 6
11478 10 12
11479 4 13
11480 5 12
11481 13 14
11482 7 9
11483 3 7
11484 13 15
11485 14 7
11486 10 8
11487 10 12
11488 15 8
11489 5 11
11490 7 13
11491 8 13
11492 14 3
11493 5 12
11494 12 9
11495 4 15
11496 13 14
11497 5 13
11498 2 14
11499 10 14
11500 3 9
11501 4 3
11502 13 6
11503 5 14
11504 8 6
11505 15 5
11506 10 12
11507 3 15
11508 5 2
11509 2 2
11510 6 3
11511 5 4
11512 15 14
11513 12 3
11514 3 6
11515 9 3
11516 8 7
11517 12 8
11518 2 13
11519 11 6
11520 7 8
11521 7 5
11522 6 8
11523 11 11
11524 9 12
11525 11 11
11526 2 12
11527 9 2
11528 9 7
11529 7 2
11530 6 13
11531 9 15
11532 14 8
11533 14 10
11534 14 3
11535 8 13
11536 11 11
11537 7 12
11538 9 2
11539 8 2
11540 9 14
11541 3 9
11542 6 10
11543 3 3
11544 5 13
11545 15 13
11546 12 3
11547 9 8
11548 13 7
11549 5 11
11550 9 2
11551 7 6
11552 10 14
11553 13 15
11554 9 5
11555 11 8
11556 3 2
11557 12 4
11558 11 15
11559 12 14
11560 2 10
11561 9 3
11562 10 4
11563 9 6
11564 13 11
11565 8 14
11566 10 12
11567 13 2
11568 6 11
11569 3 13
11570 10 9
11571 4 9
11572 6 15
11573 4 2
11574 6 11
11575 7 8
11576 3 12
11577 4 15
11578 3 5
11579 9 9
11580 5 2
11581 8 14
11582 13 14
11583 12 4
11584 14 8
11585 2 6
11586 4 5
11587 7 15
11588 12 11
11589 15 9
11590 5 13
11591 9 14
11592 13 3
11593 3 4
11594 4 4
11595 13 11
11596 11 2
11597 9 9
11598 7 14
11599 13 8
11600 2 13
11601 10 13
11602 7 12
11603 10 3
11604 8 9
11605 2 6
11606 8 10
11607 13 8
11608 3 3
11609 3 6
11610 12 7
11611 9 8
11612 10 5
11613 4 3
11614 2 4
11615 3 11
11616 4 12
11617 5 9
11618 12 10
11619 7 10
11620 6 9
11621 3 14
11622 12 4
11623 11 8
11624 3 10
11625 2 5
11626 5 4
11627 6 4
11628 13 13
11629 8 2
11630 7 2
11631 10 14
11632 2 3
11633 10 12
11634 6 11
11635 10 2
11636 6 14
11637 4 7
11638 5 15
11639 9 14
11640 5 5
11641 12 9
11642 9 9
11643 5 3
11644 4 8
11645 10 12
11646 12 10
11647 15 14
11648 3 4
11649 12 4
11650 15 10
11651 4 15
11652 14 3
11653 9 10
11654 3 11
11655 4 5
11656 12 14
11657 8 15
11658 12 7
11659 5 15
11660 6 8
11661 2 14
11662 8 2
11663 15 7
11664 14 8
11665 2 5
11666 12 13
11667 7 8
11668 9 11
11669 15 15
11670 5 13
11671 4 9
11672 11 14
11673 10 8
11674 12 15
11675 14 12
11676 4 5
11677 11 10
11678 6 9
11679 14 3
11680 8 11
11681 2 8
11682 3 10
11683 3 13
11684 14 4
11685 14 12
11686 2 7
11687 6 8
11688 6 9
11689 12 14
11690 7 6
11691 15 10
11692 11 7
11693 6 15
11694 9 10
11695 9 8
11696 14 15
11697 15 13
11698 11 13
11699 10 12
11700 11 11
11701 12 14
11702 11 4
11703 9 7
11704 3 13
11705 9 7
11706 10 10
11707 11 12
11708 3 6
11709 12 6
11710 6 15
11711 6 11
11712 10 5
11713 7 7
11714 5 11
11715 5 7
11716 6 5
11717 15 7
11718 10 12
11719 8 6
11720 6 11
11721 8 12
11722 12 5
11723 14 11
11724 14 4
11725 14 14
11726 13 6
11727 5 12
11728 12 7
11729 13 10
11730 10 7
11731 5 14
11732 9 11
11733 10 4
11734 3 13
11735 13 6
11736 12 5
11737 5 11
11738 14 12
11739 15 7
11740 4 12
11741 14 9
11742 7 5
11743 8 9
11744 13 6
11745 11 9
11746 10 7
11747 4 6
11748 11 3
11749 6 3
11750 8 15
11751 10 8
11752 2 3
11753 5 14
11754 6 9
11755 9 10
11756 11 15
11757 6 10
11758 11 8
11759 5 6
11760 2 8
11761 12 9
11762 11 3
11763 9 8
11764 8 7
11765 3 4
11766 4 3
11767 7 14
11768 14 2
11769 2 15
11770 3 6
11771 3 10
11772 10 6
11773 4 14
11774 3 13
11775 12 8
11776 5 2
11777 12 11
11778 2 2
11779 3 7
11780 11 13
11781 6 6
11782 8 5
11783 5 5
11784 11 11
11785 11 14
11786 6 10
11787 7 15
11788 5 4
11789 2 10
11790 11 7
11791 14 5
11792 4 14
11793 15 8
11794 5 10
11795 11 2
11796 4 3
11797 11 13
11798 11 6
11799 14 9
11800 3 3
11801 5 15
11802 8 5
11803 5 9
11804 11 4
11805 4 5
11806 6 3
11807 2 5
11808 12 6
11809 8 11
11810 15 11
11811 15 8
11812 9 5
11813 5 3
11814 15 3
11815 8 13
11816 9 9
11817 4 13
11818 8 15
11819 11 14
11820 8 2
11821 10 14
11822 6 5
11823 12 9
11824 8 14
11825 10 7
11826 7 2
11827 9 10
11828 11 8
11829 15 9
11830 11 5
11831 7 4
11832 13 3
11833 11 15
11834 13 12
11835 8 4
11836 14 8
11837 5 5
11838 7 7
11839 8 6
11840 5 13
11841 6 5
11842 8 11
11843 9 2
11844 12 11
11845 5 12
11846 13 3
11847 9 13
11848 14 2
11849 8 11
11850 7 7
11851 8 2
11852 9 8
11853 13 9
11854 8 3
11855 8 6
11856 7 5
11857 6 7
11858 6 9
11859 4 4
11860 5 15
11861 11 12
11862 10 11
11863 10 14
11864 5 15
11865 2 8
11866 7 2
11867 14 5
11868 3 13
11869 4 3
11870 11 13
11871 10 2
11872 6 3
11873 10 6
11874 9 4
11875 6 4
11876 15 8
11877 6 15
11878 4 5
11879 8 6
11880 4 10
11881 3 5
11882 15 3
11883 11 2
11884 11 12
11885 14 14
11886 15 15
11887 13 4
11888 6 10
11889 9 8
11890 4 5
11891 2 14
11892 5 11
11893 13 3
11894 3 14
11895 3 6
11896 15 14
11897 4 10
11898 3 14
11899 9 10
11900 14 7
11901 13 4
11902 4 10
11903 4 5
11904 14 2
11905 7 15
11906 4 14
11907 6 10
11908 15 2
11909 10 10
11910 2 8
11911 4 4
11912 2 9
11913 4 15
11914 4 5
11915 15 11
11916 15 7
11917 11 14
11918 6 9
11919 5 9
11920 4 13
11921 3 13
11922 5 4
11923 12 11
11924 14 2
11925 3 8
11926 4 2
11927 6 9
11928 10 14
11929 9 12
11930 14 8
11931 10 10
11932 13 8
11933 10 9
11934 12 10
11935 7 14
11936 11 11
11937 13 15
11938 13 8
11939 14 6
11940 10 8
11941 4 10
11942 15 9
11943 4 14
11944 2 5
11945 3 11
11946 7 15
11947 6 3
11948 11 8
11949 8 8
11950 6 7
11951 2 7
11952 9 5
11953 14 2
11954 5 8
11955 14 12
11956 14 4
11957 9 15
11958 11 14
11959 14 13
11960 4 12
11961 14 6
11962 8 5
11963 4 2
11964 5 9
11965 6 9
11966 8 9
11967 13 9
11968 7 5
11969 9 4
11970 8 2
11971 5 4
11972 12 3
11973 6 7
11974 2 7
11975 9 8
11976 12 15
11977 8 3
11978 11 6
11979 7 15
11980 10 10
11981 9 2
11982 15 15
11983 9 3
11984 7 7
11985 5 6
11986 10 4
11987 2 3
11988 4 13
11989 13 10
11990 6 2
11991 2 10
11992 5 12
11993 10 7
11994 2 9
11995 8 7
11996 14 11
11997 9 7
11998 11 7
11999 6 7
12000 2 14
12001 10 11
12002 3 9
12003 14 9
12004 8 14
12005 10 2
12006 12 14
12007 10 13
12008 13 11
12009 10 3
12010 4 15
12011 8 7
12012 12 13
12013 9 13
12014 13 12
12015 6 4
12016 4 14
12017 5 3
12018 11 8
12019 6 8
12020 5 2
12021 2 6
12022 2 4
12023 5 8
12024 11 5
12025 8 14
12026 15 4
12027 8 10
12028 11 6
12029 5 2
12030 3 4
12031 15 2
12032 6 13
12033 9 14
12034 3 5
12035 9 4
12036 12 9
12037 3 3
12038 12 9
12039 14 7
12040 11 13
12041 7 15
12042 9 6
12043 11 10
12044 10 15
12045 13 7
12046 12 12
12047 7 10
12048 4 12
12049 12 15
12050 13 11
12051 10 12
12052 6 14
12053 11 14
12054 5 5
12055 15 2
12056 8 9
12057 6 7
12058 10 6
12059 9 13
12060 8 2
12061 11 6
12062 14 15
12063 6 3
12064 15 4
12065 10 5
12066 15 14
12067 5 5
12068 9 4
12069 3 13
12070 10 10
12071 7 8
12072 13 8
12073 8 11
12074 7 6
12075 3 5
12076 4 11
12077 9 12
12078 3 14
12079 7 2
12080 8 8
12081 15 8
12082 4 8
12083 9 2
12084 7 7
12085 3 6
12086 5 9
12087 9 8
12088 11 5
12089 8 8
12090 15 5
12091 6 5
12092 11 14
12093 4 7
12094 4 11
12095 7 11
12096 8 15
12097 3 3
12098 3 3
12099 14 13
12100 2 4
12101 10 8
12102 9 3
12103 14 14
12104 13 12
12105 4 2
12106 2 9
12107 4 2
12108 4 6
12109 15 7
12110 12 12
12111 15 13
12112 7 12
12113 11 3
12114 2 4
12115 6 7
12116 3 2
12117 11 3
12118 2 11
12119 2 15
12120 5 14
12121 4 8
12122 15 9
12123 3 6
12124 11 6
12125 11 15
12126 10 3
12127 15 11
12128 6 4
12129 3 9
12130 11 15
12131 6 4
12132 12 14
12133 13 10
12134 3 9
12135 11 5
12136 13 6
12137 2 8
12138 15 7
12139 12 4
12140 13 9
12141 14 9
12142 7 10
12143 6 6
12144 12 13
12145 15 8
12146 8 14
12147 5 14
12148 15 6
12149 12 7
12150 5 5
12151 9 4
12152 13 4
12153 2 3
12154 2 11
12155 3 4
12156 3 9
12157 4 4
12158 13 3
12159 6 14
12160 7 13
12161 7 11
12162 5 13
12163 9 8
12164 8 3
12165 12 12
12166 12 10
12167 13 11
12168 6 13
12169 5 9
12170 12 2
12171 7 4
12172 8 5
12173 7 3
12174 2 2
12175 15 15
12176 14 6
12177 8 4
12178 15 9
12179 9 12
12180 8 14
12181 13 15
12182 7 9
12183 4 15
12184 7 13
12185 13 8
12186 12 7
12187 14 11
12188 15 13
12189 4 2
12190 15 14
12191 4 6
12192 8 3
12193 9 7
12194 4 2
12195 4 5
12196 10 11
12197 9 6
12198 5 13
12199 4 8
12200 2 14
12201 2 12
12202 7 13
12203 7 14
12204 11 7
12205 7 2
12206 3 9
12207 14 15
12208 10 5
12209 5 4
12210 7 12
12211 12 15
12212 13 13
12213 10 6
12214 10 8
12215 10 11
12216 11 11
12217 5 8
12218 14 13
12219 14 2
12220 9 13
12221 11 10
12222 6 10
12223 14 9
12224 2 6
12225 7 2
12226 8 11
12227 12 14
12228 3 9
12229 15 8
12230 9 11
12231 11 5
12232 7 15
12233 11 5
12234 9 6
12235 6 12
12236 15 2
12237 15 5
12238 12 11
12239 6 8
12240 6 2
12241 10 5
12242 2 5
12243 15 9
12244 5 8
12245 2 8
12246 2 3
12247 14 14
12248 6 10
12249 15 10
12250 8 2
12251 10 15
12252 13 14
12253 14 12
12254 14 6
12255 14 11
12256 12 2
12257 9 11
12258 5 10
12259 12 10
12260 6 14
12261 3 15
12262 5 8
12263 10 13
12264 7 4
12265 10 12
12266 5 2
12267 12 8
12268 3 7
12269 12 5
12270 9 2
12271 3 4
12272 13 13
12273 6 4
12274 12 6
12275 12 6
12276 8 4
12277 8 5
12278 13 4
12279 7 3
12280 14 6
12281 6 10
12282 13 10
12283 12 3
12284 3 4
12285 15 3
12286 15 2
12287 5 3
12288 14 14
12289 14 14
12290 6 4
12291 3 14
12292 9 7
12293 3 10
12294 14 15
12295 14 10
12296 9 10
12297 3 9
12298 12 11
12299 6 14
12300 3 7
12301 14 3
12302 7 4
12303 8 14
12304 5 10
12305 6 13
12306 2 11
12307 14 14
12308 14 3
12309 3 4
12310 4 7
12311 4 10
12312 15 13
12313 10 5
12314 9 14
12315 12 7
12316 2 7
12317 15 8
12318 14 14
12319 8 3
12320 14 10
12321 14 14
12322 8 5
12323 4 5
12324 11 12
12325 9 14
12326 11 13
12327 13 3
12328 13 5
12329 15 12
12330 14 9
12331 10 14
12332 9 8
12333 7 12
12334 7 5
12335 2 2
12336 9 5
12337 2 11
12338 7 2
12339 12 7
12340 12 7
12341 8 13
12342 15 2
12343 7 15
12344 9 3
12345 4 15
12346 3 11
12347 10 10
12348 14 3
12349 11 4
12350 9 9
12351 10 10
12352 13 14
12353 7 3
12354 11 14
12355 2 14
12356 15 12
12357 7 5
12358 6 10
12359 15 8
12360 6 2
12361 15 3
12362 2 6
12363 12 4
12364 13 6
12365 15 8
12366 4 6
12367 7 15
12368 8 3
12369 10 7
12370 3 9
12371 6 13
12372 6 8
12373 2 2
12374 6 7
12375 4 13
12376 3 15
12377 4 10
12378 11 11
12379 15 3
12380 7 3
12381 3 6
12382 14 7
12383 7 3
12384 4 11
12385 5 11
12386 14 3
12387 5 2
12388 6 6
12389 15 14
12390 10 14
12391 10 15
12392 3 14
12393 13 10
12394 11 15
12395 13 10
12396 6 10
12397 12 6
12398 3 8
12399 14 2
12400 6 8
12401 3 12
12402 7 6
12403 13 2
12404 4 3
12405 3 11
12406 2 3
12407 9 2
12408 9 14
12409 7 8
12410 10 3
12411 6 4
12412 11 10
12413 14 5
12414 3 7
12415 4 4
12416 12 11
12417 13 15
12418 3 12
12419 14 2
12420 9 5
12421 13 13
12422 4 4
12423 13 15
12424 15 12
12425 10 5
12426 8 2
12427 12 10
12428 6 11
12429 14 13
12430 14 15
12431 5 9
12432 10 5
12433 2 8
12434 5 11
12435 12 8
12436 5 15
12437 10 6
12438 7 4
12439 8 11
12440 8 11
12441 6 6
12442 5 11
12443 15 3
12444 13 8
12445 6 12
12446 11 9
12447 2 3
12448 8 11
12449 5 13
12450 6 13
12451 4 11
12452 4 15
12453 12 11
12454 3 12
12455 5 4
12456 13 2
12457 5 5
12458 13 2
12459 13 3
12460 12 8
12461 4 5
12462 6 3
12463 11 2
12464 12 5
12465 13 3
12466 15 13
12467 2 8
12468 3 7
12469 5 9
12470 4 4
12471 13 12
12472 14 3
12473 15 7
12474 7 8
12475 8 12
12476 10 12
12477 6 9
12478 12 5
12479 15 12
12480 4 5
12481 8 7
12482 5 15
12483 12 15
12484 12 5
12485 9 9
12486 6 8
12487 2 6
12488 2 8
12489 9 4
12490 2 14
12491 15 2
12492 13 9
12493 10 6
12494 5 8
12495 3 6
12496 4 6
12497 6 4
12498 8 14
12499 2 9
12500 14 14
12501 10 3
12502 11 9
12503 7 6
12504 12 5
12505 9 5
12506 13 15
12507 6 15
12508 9 8
12509 6 4
12510 9 5
12511 9 4
12512 2 14
12513 5 12
12514 9 8
12515 5 10
12516 10 12
12517 4 3
12518 6 13
12519 7 10
12520 6 13
12521 3 6
12522 15 12
12523 10 14
12524 6 13
12525 8 2
12526 3 11
12527 3 5
12528 6 6
12529 14 5
12530 14 12
12531 10 15
12532 11 11
12533 14 10
12534 4 12
12535 9 10
12536 2 4
12537 2 7
12538 14 13
12539 14 10
12540 8 11
12541 7 2
12542 9 5
12543 4 3
12544 13 6
12545 13 14
12546 8 6
12547 13 14
12548 6 11
12549 5 12
12550 8 12
12551 15 11
12552 11 11
12553 7 3
12554 8 9
12555 11 5
12556 5 7
12557 2 15
12558 7 7
12559 9 14
12560 5 10
12561 7 9
12562 5 8
12563 10 2
12564 13 3
12565 3 11
12566 4 5
12567 8 15
12568 2 5
12569 9 8
12570 10 13
12571 3 3
12572 12 10
12573 9 13
12574 4 5
12575 13 5
12576 5 7
12577 3 2
12578 6 2
12579 11 8
12580 3 6
12581 12 11
12582 9 5
12583 3 7
12584 5 11
12585 3 3
12586 14 6
12587 14 11
12588 10 13
12589 12 14
12590 5 2
12591 9 13
12592 6 10
12593 4 12
12594 14 13
12595 13 2
12596 15 9
12597 15 5
12598 14 8
12599 7 3
12600 3 10
12601 11 5
12602 11 6
12603 2 8
12604 13 7
12605 7 14
12606 9 10
12607 13 4
12608 2 13
12609 3 12
12610 11 2
12611 12 6
12612 5 4
12613 15 4
12614 5 13
12615 2 13
12616 4 5
12617 15 5
12618 5 4
12619 6 9
12620 2 12
12621 9 5
12622 11 4
12623 2 3
12624 13 13
12625 5 7
12626 12 14
12627 14 6
12628 15 12
12629 8 4
12630 13 3
12631 15 4
12632 9 8
12633 2 4
12634 7 2
12635 10 4
12636 12 15
12637 8 3
12638 3 14
12639 4 5
12640 3 4
12641 8 3
12642 8 5
12643 13 15
12644 4 6
12645 13 10
12646 13 10
12647 12 10
12648 11 11
12649 7 9
12650 4 15
12651 11 10
12652 12 11
12653 5 9
12654 8 4
12655 11 15
12656 14 9
12657 6 7
12658 6 11
12659 5 13
12660 14 14
12661 15 2
12662 5 8
12663 6 8
12664 14 10
12665 9 3
12666 15 11
12667 3 14
12668 13 4
12669 2 5
12670 13 13
12671 10 15
12672 3 10
12673 9 8
12674 12 11
12675 13 13
12676 15 4
12677 2 10
12678 4 10
12679 5 14
12680 4 5
12681 2 10
12682 15 11
12683 10 3
12684 5 10
12685 10 3
12686 7 10
12687 10 3
12688 6 6
12689 7 10
12690 4 15
12691 4 2
12692 8 9
12693 15 15
12694 5 4
12695 14 14
12696 5 13
12697 12 3
12698 10 4
12699 11 9
12700 3 8
12701 13 12
12702 10 3
12703 13 14
12704 7 9
12705 4 12
12706 6 15
12707 7 2
12708 2 14
12709 2 14
12710 2 14
12711 12 13
12712 2 15
12713 14 13
12714 2 3
12715 7 4
12716 14 13
12717 14 12
12718 11 3
12719 3 13
12720 5 9
12721 14 3
12722 9 14
12723 10 12
12724 7 2
12725 14 12
12726 13 11
12727 2 13
12728 4 7
12729 7 8
12730 12 3
12731 14 10
12732 12 6
12733 14 6
12734 6 4
12735 3 10
12736 15 4
12737 11 12
12738 11 10
12739 9 6
12740 9 10
12741 14 3
12742 4 4
12743 15 14
12744 6 10
12745 11 14
12746 2 7
12747 8 9
12748 2 10
12749 8 9
12750 2 2
12751 11 2
12752 2 12
12753 6 5
12754 8 7
12755 12 7
12756 3 7
12757 13 10
12758 6 10
12759 4 8
12760 8 11
12761 3 5
12762 8 4
12763 14 6
12764 10 5
12765 7 7
12766 12 2
12767 7 6
12768 15 4
12769 14 11
12770 8 13
12771 2 10
12772 13 2
12773 12 9
12774 2 8
12775 5 5
12776 8 11
12777 15 11
12778 10 9
12779 11 7
12780 14 2
12781 14 11
12782 14 12
12783 15 10
12784 4 4
12785 3 2
12786 6 14
12787 2 3
12788 15 8
12789 6 15
12790 10 3
12791 10 10
12792 13 2
12793 6 12
12794 13 6
12795 15 12
12796 4 10
12797 9 9
12798 5 10
12799 5 8
12800 13 14
12801 5 10
12802 12 3
12803 8 6
12804 5 4
12805 12 3
12806 4 13
12807 8 11
12808 12 6
12809 13 4
12810 10 11
12811 12 12
12812 12 13
12813 6 8
12814 6 4
12815 2 5
12816 8 14
12817 13 4
12818 7 13
12819 13 15
12820 10 8
12821 5 3
12822 6 14
12823 6 3
12824 9 15
12825 2 15
12826 8 6
12827 12 8
12828 4 7
12829 14 7
12830 14 6
12831 15 15
12832 2 4
12833 8 14
12834 5 13
12835 12 7
12836 7 10
12837 12 4
12838 6 5
12839 15 13
12840 2 12
12841 3 9
12842 8 6
12843 8 14
12844 6 15
12845 6 10
12846 11 15
12847 10 10
12848 2 14
12849 5 13
12850 3 7
12851 5 10
12852 13 10
12853 10 4
12854 15 6
12855 7 13
12856 4 9
12857 11 15
12858 13 2
12859 12 13
12860 7 2
12861 6 12
12862 12 2
12863 15 6
12864 5 5
12865 5 5
12866 14 15
12867 7 5
12868 15 10
12869 6 11
12870 7 13
12871 3 8
12872 13 5
12873 14 4
12874 14 3
12875 3 3
12876 13 11
12877 9 10
12878 9 13
12879 14 3
12880 10 2
12881 11 5
12882 5 11
12883 3 12
12884 12 5
12885 9 5
12886 4 8
12887 12 7
12888 5 2
12889 8 15
12890 2 13
12891 3 3
12892 14 11
12893 14 10
12894 9 14
12895 7 8
12896 3 9
12897 10 15
12898 8 14
12899 10 13
12900 15 10
12901 2 2
12902 4 5
12903 15 2
12904 14 2
12905 11 3
12906 7 14
12907 8 3
12908 10 4
12909 15 11
12910 10 2
12911 5 13
12912 8 7
12913 9 12
12914 13 9
12915 6 13
12916 6 15
12917 11 3
12918 13 8
12919 2 11
12920 12 5
12921 8 7
12922 11 14
12923 7 4
12924 2 3
12925 6 11
12926 3 14
12927 3 15
12928 10 12
12929 14 11
12930 6 3
12931 10 6
12932 5 5
12933 8 10
12934 9 7
12935 15 2
12936 11 4
12937 14 8
12938 5 4
12939 15 13
12940 4 5
12941 11 11
12942 10 4
12943 3 5
12944 9 6
12945 7 7
12946 8 3
12947 3 6
12948 2 13
12949 13 15
12950 13 6
12951 4 10
12952 10 8
12953 13 2
12954 15 7
12955 12 2
12956 14 14
12957 7 5
12958 9 8
12959 8 8
12960 14 13
12961 2 10
12962 13 3
12963 3 13
12964 4 8
12965 14 15
12966 2 2
12967 5 15
12968 2 10
12969 5 7
12970 8 8
12971 11 3
12972 15 15
12973 14 2
12974 8 4
12975 12 9
12976 3 7
12977 13 5
12978 3 4
12979 14 5
12980 6 7
12981 7 2
12982 15 8
12983 10 10
12984 4 8
12985 11 3
12986 9 12
12987 15 9
12988 8 14
12989 10 12
12990 4 11
12991 5 10
12992 15 6
12993 6 13
12994 2 3
12995 5 6
12996 10 2
12997 14 10
12998 9 14
12999 5 7
13000 6 5
13001 9 15
13002 12 10
13003 13 10
13004 4 8
13005 2 5
13006 5 12
13007 7 11
13008 13 3
13009 2 3
13010 12 7
13011 9 13
13012 13 2
13013 11 15
13014 2 10
13015 7 11
13016 11 13
13017 3 14
13018 6 6
13019 11 4
13020 2 13
13021 9 6
13022 11 14
13023 4 8
13024 14 11
13025 13 11
13026 11 12
13027 8 14
13028 11 11
13029 14 8
13030 15 14
13031 12 6
13032 15 10
13033 12 11
13034 14 11
13035 13 13
13036 12 12
13037 14 15
13038 9 3
13039 10 6
13040 4 10
13041 14 7
13042 11 8
13043 12 11
13044 5 4
13045 7 11
13046 3 6
13047 2 14
13048 10 6
13049 11 11
13050 14 15
13051 5 4
13052 5 3
13053 4 15
13054 14 14
13055 15 5
13056 6 14
13057 4 14
13058 8 8
13059 11 10
13060 2 8
13061 11 13
13062 2 10
13063 9 4
13064 8 12
13065 3 9
13066 14 8
13067 2 12
13068 9 4
13069 13 5
13070 6 10
13071 13 5
13072 10 11
13073 5 7
13074 12 12
13075 11 7
13076 12 5
13077 10 4
13078 12 10
13079 14 2
13080 15 15
13081 6 15
13082 2 7
13083 8 12
13084 3 4
13085 13 11
13086 11 8
13087 7 2
13088 10 14
13089 15 14
13090 4 8
13091 11 14
13092 7 10
13093 12 4
13094 8 12
13095 6 3
13096 14 10
13097 8 11
13098 8 7
13099 8 12
13100 3 15
13101 5 2
13102 10 9
13103 14 8
13104 3 12
13105 15 12
13106 4 14
13107 5 14
13108 10 7
13109 11 7
13110 14 3
13111 6 15
13112 5 14
13113 6 8
13114 10 4
13115 5 11
13116 14 14
13117 6 15
13118 10 6
13119 12 2
13120 15 2
13121 15 4
13122 9 14
13123 5 2
13124 2 12
13125 15 10
13126 8 11
13127 8 8
13128 3 2
13129 3 15
13130 14 8
13131 10 5
13132 3 3
13133 12 5
13134 15 11
13135 7 15
13136 15 15
13137 2 2
13138 3 8
13139 10 2
13140 11 12
13141 6 3
13142 6 12
13143 11 3
13144 15 13
13145 7 2
13146 9 8
13147 14 4
13148 15 12
13149 10 5
13150 15 11
13151 9 12
13152 8 12
13153 4 2
13154 13 7
13155 5 12
13156 6 6
13157 2 9
13158 9 9
13159 11 6
13160 8 4
13161 2 13
13162 9 4
13163 13 8
13164 14 15
13165 8 12
13166 4 11
13167 4 7
13168 2 10
13169 14 3
13170 13 15
13171 9 13
13172 12 15
13173 9 8
13174 2 4
13175 11 13
13176 11 3
13177 14 14
13178 6 2
13179 8 10
13180 12 10
13181 6 3
13182 5 5
13183 5 9
13184 5 3
13185 4 7
13186 7 13
13187 4 5
13188 7 8
13189 3 9
13190 10 3
13191 9 2
13192 5 15
13193 4 12
13194 3 3
13195 11 4
13196 2 8
13197 3 5
13198 14 8
13199 5 15
13200 10 12
13201 7 4
13202 9 9
13203 10 11
13204 7 8
13205 3 5
13206 5 9
13207 3 12
13208 10 6
13209 6 6
13210 11 2
13211 13 4
13212 15 11
13213 7 2
13214 4 15
13215 8 6
13216 10 2
13217 15 3
13218 8 6
13219 6 2
13220 5 9
13221 5 12
13222 6 15
13223 3 8
13224 9 10
13225 3 4
13226 9 13
13227 14 9
13228 12 10
13229 4 4
13230 3 2
13231 15 4
13232 12 3
13233 9 15
13234 11 10
13235 15 4
13236 3 12
13237 5 6
13238 10 8
13239 4 11
13240 10 7
13241 13 15
13242 9 14
13243 13 12
13244 11 9
13245 5 14
13246 8 15
13247 15 5
13248 15 15
13249 10 5
13250 3 15
13251 10 4
13252 10 12
13253 7 8
13254 2 7
13255 5 11
13256 14 9
13257 13 2
13258 9 14
13259 13 11
13260 10 13
13261 12 8
13262 8 12
13263 3 9
13264 9 13
13265 2 8
13266 15 9
13267 5 8
13268 10 14
13269 14 4
13270 15 14
13271 2 7
13272 14 2
13273 8 10
13274 4 3
13275 12 15
13276 4 4
13277 5 12
13278 7 7
13279 12 4
13280 3 8
13281 12 15
13282 12 7
13283 2 14
13284 7 10
13285 9 3
13286 12 6
13287 8 11
13288 4 13
13289 3 10
13290 12 14
13291 4 3
13292 11 4
13293 7 11
13294 8 9
13295 14 11
13296 2 10
13297 11 10
13298 14 12
13299 6 5
13300 8 11
13301 11 10
13302 6 14
13303 10 15
13304 2 4
13305 4 2
13306 15 7
13307 14 2
13308 11 13
13309 13 5
13310 12 15
13311 10 8
13312 13 11
13313 13 13
13314 6 10
13315 6 12
13316 4 6
13317 11 7
13318 15 13
13319 11 10
13320 10 12
13321 3 12
13322 3 6
13323 7 9
13324 12 10
13325 10 9
13326 14 14
13327 2 13
13328 12 9
13329 3 7
13330 4 5
13331 10 8
13332 9 8
13333 9 5
13334 10 14
13335 12 4
13336 2 11
13337 9 6
13338 8 14
13339 3 11
13340 3 13
13341 12 12
13342 9 9
13343 11 10
13344 9 8
13345 10 4
13346 15 11
13347 11 8
13348 10 9
13349 13 15
13350 4 15
13351 15 4
13352 7 10
13353 11 5
13354 9 13
13355 2 14
13356 12 10
13357 7 12
13358 10 2
13359 8 12
13360 4 12
13361 12 14
13362 5 7
13363 2 13
13364 6 2
13365 12 15
13366 7 14
13367 8 8
13368 13 11
13369 7 12
13370 9 11
13371 2 2
13372 12 3
13373 4 6
13374 10 4
13375 14 13
13376 7 15
13377 7 6
13378 6 4
13379 10 8
13380 9 11
13381 8 5
13382 4 7
13383 15 15
13384 11 6
13385 4 12
13386 5 12
13387 4 12
13388 10 13
13389 11 15
13390 6 14
13391 8 15
13392 15 5
13393 15 5
13394 10 11
13395 3 7
13396 8 4
13397 6 3
13398 12 12
13399 7 4
13400 10 14
13401 7 13
13402 9 4
13403 7 8
13404 4 11
13405 4 8
13406 11 5
13407 15 13
13408 5 7
13409 10 11
13410 14 12
13411 7 3
13412 5 15
13413 10 3
13414 10 13
13415 8 7
13416 7 2
13417 12 9
13418 10 6
13419 8 15
13420 10 7
13421 2 11
13422 7 14
13423 9 14
13424 12 6
13425 15 6
13426 5 2
13427 5 6
13428 12 11
13429 3 12
13430 10 15
13431 11 3
13432 15 3
13433 9 11
13434 9 4
13435 2 5
13436 10 15
13437 13 7
13438 11 5
13439 6 14
13440 2 3
13441 15 7
13442 5 8
13443 6 3
13444 7 6
13445 9 3
13446 7 15
13447 7 5
13448 3 5
13449 13 4
13450 7 11
13451 5 15
13452 8 9
13453 13 15
13454 10 3
13455 5 14
13456 8 9
13457 15 7
13458 2 2
13459 11 6
13460 15 4
13461 13 15
13462 12 14
13463 3 6
13464 14 14
13465 3 2
13466 14 7
13467 4 9
13468 8 11
13469 10 3
13470 13 11
13471 10 9
13472 10 2
13473 11 13
13474 15 4
13475 14 9
13476 2 6
13477 7 4
13478 5 15
13479 10 10
13480 10 15
13481 14 7
13482 8 4
13483 4 7
13484 10 14
13485 14 14
13486 8 8
13487 2 7
13488 15 14
13489 11 10
13490 8 14
13491 14 9
13492 10 9
13493 6 6
13494 15 4
13495 4 9
13496 13 7
13497 10 7
13498 13 12
13499 6 10
13500 12 7
13501 13 11
13502 8 7
13503 14 15
13504 7 14
13505 13 15
13506 11 6
13507 4 10
13508 4 6
13509 11 3
13510 3 14
13511 13 8
13512 7 2
13513 4 15
13514 2 2
13515 2 4
13516 14 6
13517 7 12
13518 5 11
13519 12 5
13520 3 5
13521 4 12
13522 15 15
13523 3 14
13524 7 15
13525 7 3
13526 5 2
13527 7 7
13528 9 2
13529 10 5
13530 12 12
13531 8 10
13532 13 4
13533 12 3
13534 6 6
13535 6 15
13536 10 10
13537 11 8
13538 8 11
13539 11 13
13540 9 4
13541 9 15
13542 13 5
13543 8 9
13544 12 14
13545 9 13
13546 6 12
13547 8 4
13548 13 2
13549 4 7
13550 15 10
13551 13 13
13552 4 7
13553 6 5
13554 3 10
13555 5 14
13556 15 4
13557 13 10
13558 14 15
13559 3 13
13560 4 5
13561 15 3
13562 4 5
13563 11 4
13564 15 12
13565 2 12
13566 6 11
13567 3 2
13568 8 13
13569 2 3
13570 10 5
13571 8 6
13572 9 4
13573 5 13
13574 10 9
13575 7 2
13576 10 4
13577 14 9
13578 8 10
13579 13 3
13580 12 9
13581 4 14
13582 4 7
13583 9 9
13584 7 6
13585 13 7
13586 10 12
13587 6 9
13588 4 8
13589 4 15
13590 11 2
13591 7 4
13592 11 3
13593 10 15
13594 14 15
13595 12 13
13596 9 8
13597 12 10
13598 5 13
13599 3 8
13600 2 10
13601 15 4
13602 13 9
13603 3 12
13604 9 4
13605 3 9
13606 12 5
13607 5 9
13608 14 13
13609 13 5
13610 11 12
13611 11 4
13612 15 2
13613 7 4
13614 4 4
13615 11 11
13616 11 5
13617 13 8
13618 4 3
13619 13 8
13620 14 7
13621 12 15
13622 11 3
13623 12 6
13624 5 10
13625 10 4
13626 5 4
13627 7 12
13628 7 13
13629 5 14
13630 11 15
13631 10 5
13632 7 10
13633 6 6
13634 8 3
13635 9 13
13636 12 9
13637 13 13
13638 9 5
13639 4 14
13640 8 6
13641 5 2
13642 11 7
13643 6 15
13644 6 11
13645 14 14
13646 9 11
13647 13 13
13648 3 4
13649 9 11
13650 15 15
13651 15 11
13652 9 2
13653 4 11
13654 4 9
13655 3 4
13656 2 7
13657 5 12
13658 11 9
13659 14 10
13660 9 13
13661 3 5
13662 9 13
13663 15 7
13664 4 11
13665 10 10
13666 5 4
13667 4 2
13668 14 12
13669 14 3
13670 4 14
13671 7 8
13672 13 14
13673 13 15
13674 2 10
13675 5 4
13676 2 2
13677 6 14
13678 10 9
13679 11 14
13680 12 9
13681 10 10
13682 10 15
13683 11 9
13684 7 12
13685 5 13
13686 13 13
13687 13 7
13688 12 10
13689 7 4
13690 5 12
13691 10 8
13692 2 14
13693 15 14
13694 14 15
13695 14 2
13696 5 2
13697 6 6
13698 5 8
13699 12 3
13700 15 11
13701 15 14
13702 11 7
13703 3 9
13704 3 7
13705 15 15
13706 4 5
13707 15 13
13708 11 15
13709 3 2
13710 14 4
13711 12 11
13712 4 14
13713 13 11
13714 13 7
13715 12 2
13716 3 6
13717 5 9
13718 6 12
13719 15 13
13720 10 5
13721 2 11
13722 15 5
13723 2 11
13724 8 9
13725 3 5
13726 12 11
13727 9 3
13728 11 3
13729 4 8
13730 2 12
13731 4 13
13732 4 3
13733 5 4
13734 3 15
13735 12 13
13736 9 8
13737 9 14
13738 12 4
13739 2 3
13740 11 14
13741 13 12
13742 3 3
13743 3 8
13744 8 3
13745 4 4
13746 2 3
13747 11 13
13748 2 9
13749 4 13
13750 7 12
13751 13 10
13752 14 9
13753 5 5
13754 11 13
13755 13 5
13756 2 6
13757 11 5
13758 8 8
13759 7 5
13760 10 2
13761 12 4
13762 9 12
13763 12 14
13764 6 14
13765 10 3
13766 4 14
13767 14 6
13768 4 3
13769 3 6
13770 2 14
13771 10 12
13772 8 12
13773 10 4
13774 7 15
13775 2 11
13776 12 7
13777 4 4
13778 11 6
13779 8 4
13780 2 15
13781 15 11
13782 5 13
13783 15 7
13784 7 13
13785 8 15
13786 14 3
13787 14 13
13788 13 12
13789 2 14
13790 5 13
13791 12 11
13792 11 7
13793 4 14
13794 13 11
13795 9 15
13796 2 14
13797 3 5
13798 9 3
13799 4 6
13800 5 8
13801 7 10
13802 7 10
13803 7 8
13804 6 14
13805 4 5
13806 15 2
13807 6 3
13808 13 14
13809 4 2
13810 4 9
13811 2 8
13812 3 7
13813 11 4
13814 9 5
13815 10 9
13816 6 2
13817 4 11
13818 11 2
13819 9 13
13820 13 3
13821 8 8
13822 15 11
13823 2 8
13824 5 4
13825 4 15
13826 6 10
13827 12 3
13828 7 7
13829 6 15
13830 4 15
13831 12 12
13832 12 2
13833 5 13
13834 13 15
13835 6 2
13836 5 2
13837 3 2
13838 11 7
13839 8 9
13840 11 14
13841 12 9
13842 7 8
13843 14 6
13844 11 3
13845 7 9
13846 11 12
13847 14 7
13848 7 6
13849 8 15
13850 4 5
13851 6 9
13852 15 3
13853 4 15
13854 14 6
13855 9 8
13856 2 3
13857 2 10
13858 2 14
13859 3 14
13860 14 10
13861 3 2
13862 5 2
13863 14 13
13864 14 8
13865 10 5
13866 3 9
13867 8 6
13868 14 3
13869 9 4
13870 8 10
13871 2 10
13872 2 10
13873 3 14
13874 13 12
13875 7 9
13876 3 4
13877 11 2
13878 15 13
13879 3 7
13880 13 2
13881 9 3
13882 5 10
13883 2 8
13884 9 3
13885 5 2
13886 9 13
13887 5 7
13888 3 2
13889 15 15
13890 6 7
13891 10 6
13892 9 6
13893 5 14
13894 8 4
13895 3 13
13896 5 2
13897 2 11
13898 8 4
13899 7 10
13900 15 10
13901 12 7
13902 9 8
13903 13 8
13904 11 6
13905 9 2
13906 5 3
13907 10 2
13908 7 5
13909 12 14
13910 15 14
13911 5 11
13912 8 4
13913 15 14
13914 9 6
13915 15 8
13916 8 8
13917 15 4
13918 3 7
13919 11 3
13920 10 5
13921 15 4
13922 13 15
13923 9 2
13924 2 2
13925 6 8
13926 8 8
13927 3 6
13928 7 12
13929 11 2
13930 14 3
13931 14 3
13932 2 9
13933 11 9
13934 12 9
13935 3 6
13936 2 2
13937 13 12
13938 6 11
13939 5 10
13940 14 10
13941 3 15
13942 13 11
13943 14 13
13944 15 13
13945 12 13
13946 6 11
13947 2 7
13948 5 12
13949 13 3
13950 7 14
13951 4 2
13952 6 11
13953 11 10
13954 2 14
13955 11 6
13956 12 15
13957 11 15
13958 9 8
13959 14 11
13960 10 9
13961 12 5
13962 12 3
13963 5 9
13964 11 9
13965 12 3
13966 15 8
13967 8 11
13968 10 13
13969 6 3
13970 8 8
13971 3 4
13972 5 9
13973 6 2
13974 9 9
13975 11 6
13976 5 5
13977 15 4
13978 14 7
13979 8 4
13980 5 13
13981 13 10
13982 12 11
13983 11 6
13984 11 11
13985 3 11
13986 9 14
13987 2 3
13988 13 15
13989 6 4
13990 8 15
13991 12 4
13992 2 5
13993 9 2
13994 10 9
13995 15 10
13996 15 4
13997 3 3
13998 8 2
13999 15 4
14000 12 12
14001 12 2
14002 12 14
14003 12 12
14004 6 3
14005 15 10
14006 14 3
14007 5 7
14008 12 13
14009 14 11
14010 11 10
14011 11 10
14012 14 11
14013 9 4
14014 3 3
14015 9 2
14016 13 15
14017 10 10
14018 12 11
14019 6 12
14020 10 2
14021 15 15
14022 15 3
14023 10 8
14024 6 6
14025 10 4
14026 4 14
14027 3 9
14028 7 10
14029 10 13
14030 5 11
14031 9 10
14032 7 9
14033 2 10
14034 4 2
14035 14 2
14036 6 10
14037 2 8
14038 9 7
14039 9 12
14040 3 15
14041 15 4
14042 15 5
14043 8 11
14044 3 6
14045 11 8
14046 3 14
14047 12 12
14048 3 4
14049 10 9
14050 12 15
14051 11 6
14052 14 4
14053 11 12
14054 8 10
14055 10 4
14056 9 13
14057 14 8
14058 11 12
14059 15 9
14060 12 12
14061 2 6
14062 2 11
14063 7 5
14064 13 3
14065 6 14
14066 3 14
14067 11 8
14068 3 7
14069 8 2
14070 9 10
14071 12 5
14072 4 9
14073 6 12
14074 14 13
14075 10 10
14076 5 7
14077 13 8
14078 7 3
14079 14 9
14080 11 14
14081 15 14
14082 12 12
14083 12 8
14084 4 6
14085 12 2
14086 11 8
14087 13 12
14088 6 15
14089 11 8
14090 8 10
14091 5 13
14092 6 11
14093 8 2
14094 6 9
14095 10 6
14096 4 3
14097 9 2
14098 4 10
14099 7 3
14100 8 4
14101 4 7
14102 11 14
14103 5 15
14104 12 8
14105 6 10
14106 10 4
14107 2 10
14108 11 14
14109 14 5
14110 6 10
14111 8 10
14112 13 10
14113 5 11
14114 2 8
14115 4 6
14116 8 9
14117 4 14
14118 10 9
14119 11 11
14120 3 8
14121 2 11
14122 15 3
14123 3 6
14124 3 5
14125 15 3
14126 11 14
14127 13 5
14128 7 12
14129 14 11
14130 12 15
14131 4 15
14132 15 5
14133 13 8
14134 3 5
14135 5 9
14136 13 8
14137 2 7
14138 4 5
14139 2 6
14140 7 10
14141 10 3
14142 8 7
14143 14 15
14144 13 2
14145 4 7
14146 6 14
14147 6 9
14148 4 6
14149 3 11
14150 3 8
14151 7 12
14152 2 15
14153 5 13
14154 6 6
14155 2 14
14156 11 8
14157 8 15
14158 3 9
14159 14 13
14160 9 13
14161 3 14
14162 10 4
14163 13 6
14164 11 10
14165 11 14
14166 10 12
14167 2 10
14168 10 13
14169 2 15
14170 8 9
14171 15 10
14172 4 3
14173 6 3
14174 9 6
14175 8 10
14176 15 3
14177 14 5
14178 15 7
14179 11 4
14180 8 12
14181 8 6
14182 10 8
14183 11 12
14184 10 11
14185 14 5
14186 13 11
14187 8 13
14188 11 10
14189 9 6
14190 10 8
14191 11 6
14192 13 15
14193 3 7
14194 7 11
14195 6 7
14196 14 12
14197 2 3
14198 3 11
14199 4 13
14200 11 12
14201 4 2
14202 15 12
14203 14 9
14204 7 5
14205 13 8
14206 13 2
14207 7 3
14208 3 9
14209 3 8
14210 12 13
14211 2 5
14212 15 11
14213 10 14
14214 14 10
14215 14 8
14216 5 8
14217 7 5
14218 8 13
14219 12 4
14220 3 10
14221 11 6
14222 7 7
14223 11 2
14224 8 9
14225 2 2
14226 2 11
14227 12 12
14228 11 6
14229 14 4
14230 6 10
14231 11 6
14232 4 2
14233 6 8
14234 8 12
14235 15 6
14236 14 13
14237 15 10
14238 11 8
14239 8 9
14240 8 2
14241 7 14
14242 8 6
14243 4 2
14244 15 14
14245 6 7
14246 8 15
14247 7 9
14248 14 9
14249 7 10
14250 2 11
14251 9 14
14252 6 14
14253 7 5
14254 5 14
14255 10 14
14256 11 2
14257 8 4
14258 5 15
14259 14 7
14260 6 14
14261 8 8
14262 14 4
14263 15 12
14264 4 14
14265 8 7
14266 13 6
14267 2 3
14268 8 12
14269 7 11
14270 11 7
14271 5 2
14272 2 13
14273 12 8
14274 4 15
14275 4 3
14276 4 4
14277 6 4
14278 14 14
14279 9 8
14280 9 13
14281 12 9
14282 6 8
14283 4 14
14284 7 11
14285 3 8
14286 2 3
14287 3 4
14288 6 13
14289 3 3
14290 7 15
14291 10 15
14292 6 10
14293 14 10
14294 12 8
14295 2 2
14296 14 10
14297 2 3
14298 9 11
14299 10 8
14300 9 13
14301 9 10
14302 4 5
14303 15 3
14304 4 11
14305 11 7
14306 9 14
14307 2 14
14308 6 9
14309 4 13
14310 8 14
14311 6 15
14312 4 12
14313 14 8
14314 3 4
14315 13 3
14316 4 2
14317 5 10
14318 6 5
14319 13 14
14320 9 7
14321 5 8
14322 7 13
14323 11 13
14324 8 15
14325 14 10
14326 2 9
14327 10 7
14328 15 12
14329 4 7
14330 6 10
14331 4 6
14332 4 3
14333 12 10
14334 13 14
14335 5 10
14336 7 6
14337 7 14
14338 14 6
14339 2 2
14340 12 8
14341 6 6
14342 12 7
14343 6 12
14344 9 7
14345 13 4
14346 15 5
14347 15 3
14348 3 4
14349 5 4
14350 13 9
14351 6 14
14352 10 11
14353 14 13
14354 13 9
14355 12 11
14356 13 15
14357 3 9
14358 9 14
14359 8 14
14360 5 5
14361 12 6
14362 12 12
14363 12 13
14364 4 9
14365 4 2
14366 5 15
14367 15 10
14368 10 8
14369 12 4
14370 15 3
14371 9 7
14372 13 2
14373 12 10
14374 2 14
14375 15 3
14376 11 14
14377 8 5
14378 15 2
14379 6 7
14380 13 12
14381 5 2
14382 8 11
14383 14 5
14384 7 13
14385 10 10
14386 15 4
14387 6 11
14388 5 7
14389 15 5
14390 6 2
14391 2 15
14392 15 13
14393 14 12
14394 13 3
14395 10 3
14396 13 15
14397 8 9
14398 9 10
14399 6 10
14400 3 15
14401 8 7
14402 4 6
14403 6 6
14404 12 7
14405 6 6
14406 8 2
14407 15 10
14408 5 15
14409 10 7
14410 13 3
14411 9 11
14412 11 5
14413 9 13
14414 14 10
14415 3 2
14416 12 12
14417 12 14
14418 14 13
14419 12 7
14420 5 12
14421 11 3
14422 4 10
14423 9 10
14424 10 12
14425 6 15
14426 10 13
14427 8 14
14428 11 11
14429 11 8
14430 11 10
14431 10 14
14432 4 14
14433 13 11
14434 2 6
14435 7 9
14436 11 13
14437 4 15
14438 9 3
14439 6 15
14440 9 12
14441 4 6
14442 8 5
14443 2 14
14444 3 15
14445 13 11
14446 10 13
14447 8 13
14448 6 4
14449 6 4
14450 5 15
14451 10 12
14452 5 11
14453 9 4
14454 10 5
14455 5 11
14456 14 3
14457 4 3
14458 12 12
14459 10 9
14460 2 8
14461 15 4
14462 11 5
14463 4 10
14464 15 10
14465 2 13
14466 11 10
14467 5 4
14468 4 3
14469 2 15
14470 3 2
14471 4 5
14472 4 2
14473 2 3
14474 13 10
14475 8 9
14476 8 8
14477 3 2
14478 2 10
14479 15 12
14480 11 12
14481 15 10
14482 14 12
14483 9 13
14484 8 3
14485 2 10
14486 3 15
14487 6 5
14488 7 8
14489 14 3
14490 6 2
14491 13 5
14492 10 6
14493 7 12
14494 5 12
14495 3 11
14496 10 14
14497 2 14
14498 9 6
14499 8 14
14500 14 14
14501 15 10
14502 12 4
14503 5 7
14504 6 8
14505 15 11
14506 7 15
14507 12 14
14508 3 2
14509 2 5
14510 13 14
14511 2 9
14512 15 14
14513 8 4
14514 2 7
14515 15 15
14516 6 7
14517 13 11
14518 8 9
14519 15 3
14520 7 2
14521 13 2
14522 8 8
14523 12 8
14524 8 6
14525 3 3
14526 2 12
14527 8 7
14528 6 15
14529 3 13
14530 3 13
14531 15 5
14532 6 2
14533 14 9
14534 10 7
14535 3 8
14536 11 15
14537 11 6
14538 14 11
14539 9 2
14540 10 11
14541 2 7
14542 14 10
14543 14 5
14544 8 8
14545 10 5
14546 6 10
14547 4 8
14548 10 13
14549 11 11
14550 11 8
14551 4 8
14552 11 9
14553 14 2
14554 10 5
14555 10 8
14556 10 10
14557 10 12
14558 11 3
14559 9 10
14560 12 12
14561 12 9
14562 14 11
14563 3 7
14564 2 7
14565 14 11
14566 8 4
14567 7 9
14568 15 3
14569 11 9
14570 8 2
14571 13 11
14572 5 4
14573 2 3
14574 4 8
14575 13 14
14576 7 9
14577 15 12
14578 10 11
14579 10 15
14580 15 4
14581 8 2
14582 6 3
14583 10 15
14584 2 14
14585 11 7
14586 4 3
14587 14 9
14588 7 7
14589 10 7
14590 3 9
14591 9 9
14592 6 13
14593 3 12
14594 13 4
14595 9 6
14596 8 11
14597 4 14
14598 3 3
14599 10 12
14600 14 15
14601 12 10
14602 4 6
14603 3 11
14604 13 11
14605 8 4
14606 8 6
14607 4 4
14608 4 11
14609 9 7
14610 10 11
14611 3 9
14612 2 14
14613 13 6
14614 13 13
14615 7 6
14616 4 3
14617 15 10
14618 7 12
14619 6 7
14620 9 15
14621 15 2
14622 7 8
14623 14 10
14624 4 2
14625 15 11
14626 4 4
14627 15 15
14628 7 9
14629 15 2
14630 13 11
14631 2 13
14632 2 3
14633 12 8
14634 5 13
14635 7 8
14636 6 2
14637 9 4
14638 5 15
14639 4 6
14640 15 15
14641 9 4
14642 10 4
14643 10 11
14644 7 13
14645 14 6
14646 2 2
14647 3 9
14648 10 12
14649 15 10
14650 4 4
14651 13 6
14652 13 9
14653 5 3
14654 4 8
14655 3 8
14656 10 14
14657 14 7
14658 2 9
14659 3 2
14660 14 7
14661 10 12
14662 13 14
14663 2 3
14664 3 11
14665 7 2
14666 11 4
14667 15 9
14668 14 3
14669 15 12
14670 3 7
14671 4 8
14672 3 13
14673 2 13
14674 7 5
14675 15 15
14676 14 9
14677 2 15
14678 11 4
14679 5 2
14680 2 9
14681 3 14
14682 8 11
14683 7 12
14684 2 2
14685 9 6
14686 13 15
14687 12 3
14688 10 11
14689 14 6
14690 10 13
14691 7 13
14692 6 5
14693 14 12
14694 4 14
14695 11 10
14696 9 8
14697 11 10
14698 11 5
14699 15 15
14700 8 7
14701 4 11
14702 6 6
14703 9 14
14704 3 8
14705 15 13
14706 3 11
14707 14 13
14708 10 4
14709 9 5
14710 14 6
14711 14 10
14712 3 5
14713 14 13
14714 14 3
14715 2 6
14716 7 2
14717 4 7
14718 14 10
14719 12 11
14720 8 5
14721 12 4
14722 3 9
14723 6 5
14724 14 14
14725 13 7
14726 9 6
14727 10 14
14728 15 5
14729 7 15
14730 4 8
14731 10 2
14732 8 15
14733 6 10
14734 8 2
14735 13 8
14736 9 5
14737 11 10
14738 5 13
14739 6 6
14740 10 10
14741 5 10
14742 6 4
14743 7 14
14744 5 8
14745 14 12
14746 15 6
14747 8 4
14748 10 2
14749 7 7
14750 2 9
14751 15 9
14752 6 13
14753 2 8
14754 7 9
14755 11 7
14756 7 3
14757 7 8
14758 4 5
14759 11 4
14760 13 15
14761 2 11
14762 2 10
14763 7 14
14764 7 3
14765 2 9
14766 12 13
14767 6 13
14768 2 12
14769 11 3
14770 5 3
14771 3 3
14772 9 14
14773 10 8
14774 3 11
14775 12 2
14776 4 7
14777 14 6
14778 13 9
14779 12 8
14780 2 12
14781 13 4
14782 4 12
14783 2 8
14784 13 11
14785 7 5
14786 7 15
14787 6 13
14788 3 12
14789 4 2
14790 3 12
14791 4 4
14792 9 7
14793 14 14
14794 11 7
14795 15 2
14796 2 4
14797 15 8
14798 14 14
14799 13 2
14800 3 7
14801 3 7
14802 5 15
14803 13 4
14804 7 14
14805 12 12
14806 12 11
14807 6 9
14808 12 11
14809 7 2
14810 9 6
14811 2 15
14812 9 3
14813 14 9
14814 13 5
14815 15 4
14816 9 11
14817 10 2
14818 7 13
14819 13 11
14820 12 7
14821 12 2
14822 5 12
14823 14 15
14824 3 2
14825 2 8
14826 6 12
14827 11 5
14828 6 14
14829 13 2
14830 5 13
14831 11 3
14832 2 6
14833 7 4
14834 2 5
14835 8 2
14836 10 11
14837 13 14
14838 6 3
14839 3 10
14840 6 12
14841 11 3
14842 5 12
14843 7 11
14844 11 4
14845 10 7
14846 7 14
14847 14 5
14848 7 12
14849 11 7
14850 4 2
14851 7 8
14852 3 2
14853 2 8
14854 9 11
14855 11 2
14856 12 2
14857 8 11
14858 8 15
14859 10 2
14860 3 10
14861 8 13
14862 9 9
14863 6 2
14864 14 13
14865 5 9
14866 10 6
14867 13 12
14868 4 13
14869 5 12
14870 5 11
14871 15 6
14872 6 11
14873 13 7
14874 15 5
14875 2 2
14876 8 9
14877 9 8
14878 14 15
14879 15 4
14880 7 7
14881 2 5
14882 4 12
14883 7 15
14884 2 3
14885 9 5
14886 8 7
14887 6 4
14888 8 4
14889 6 3
14890 9 10
14891 6 4
14892 11 2
14893 12 4
14894 12 11
14895 13 14
14896 4 5
14897 14 5
14898 6 7
14899 15 3
14900 3 2
14901 13 14
14902 2 11
14903 2 12
14904 8 15
14905 12 2
14906 7 5
14907 2 12
14908 14 10
14909 10 8
14910 10 6
14911 5 2
14912 4 3
14913 3 8
14914 8 9
14915 5 14
14916 4 11
14917 2 6
14918 12 7
14919 9 7
14920 14 11
14921 10 14
14922 10 9
14923 7 15
14924 11 15
14925 4 3
14926 4 11
14927 13 11
14928 14 8
14929 6 4
14930 8 2
14931 5 15
14932 5 8
14933 12 14
14934 4 14
14935 2 13
14936 4 9
14937 7 7
14938 10 4
14939 3 6
14940 9 9
14941 2 13
14942 11 4
14943 2 9
14944 3 3
14945 14 7
14946 15 4
14947 5 13
14948 14 10
14949 2 4
14950 5 8
14951 13 4
14952 3 12
14953 14 11
14954 13 12
14955 4 3
14956 7 10
14957 14 3
14958 10 11
14959 9 13
14960 2 12
14961 7 11
14962 3 8
14963 3 14
14964 3 10
14965 8 5
14966 10 7
14967 7 10
14968 10 3
14969 13 11
14970 7 11
14971 13 9
14972 13 9
14973 4 13
14974 13 3
14975 8 10
14976 10 2
14977 13 2
14978 14 14
14979 7 5
14980 9 10
14981 14 14
14982 13 11
14983 15 5
14984 3 10
14985 8 11
14986 4 10
14987 11 9
14988 4 14
14989 10 6
14990 7 6
14991 15 2
14992 12 3
14993 10 4
14994 4 13
14995 14 9
14996 4 2
14997 2 4
14998 10 5
14999 11 6
15000 10 4
15001 12 15
15002 5 4
15003 12 4
15004 2 6
15005 3 6
15006 6 9
15007 6 12
15008 5 13
15009 4 13
15010 15 10
15011 13 3
15012 3 8
15013 7 11
15014 11 13
15015 5 13
15016 2 12
15017 4 13
15018 12 13
15019 2 4
15020 2 12
15021 5 2
15022 6 13
15023 13 4
15024 5 15
15025 4 4
15026 13 9
15027 9 7
15028 15 4
15029 13 3
15030 5 7
15031 13 5
15032 2 14
15033 14 4
15034 10 3
15035 8 7
15036 2 8
15037 6 8
15038 5 2
15039 12 15
15040 2 7
15041 13 14
15042 11 5
15043 15 9
15044 9 9
15045 7 8
15046 11 3
15047 11 10
15048 5 4
15049 14 3
15050 12 2
15051 12 4
15052 11 3
15053 8 12
15054 15 12
15055 13 3
15056 9 6
15057 8 15
15058 11 2
15059 15 4
15060 11 13
15061 10 5
15062 3 14
15063 2 6
15064 5 15
15065 13 10
15066 15 6
15067 3 11
15068 8 8
15069 4 4
15070 11 3
15071 14 15
15072 5 3
15073 8 9
15074 2 10
15075 2 7
15076 8 10
15077 7 15
15078 8 15
15079 8 9
15080 14 2
15081 8 5
15082 13 8
15083 4 3
15084 11 10
15085 14 8
15086 7 7
15087 2 6
15088 11 6
15089 14 14
15090 14 6
15091 6 12
15092 2 9
15093 8 8
15094 5 12
15095 6 11
15096 14 5
15097 13 5
15098 11 8
15099 7 2
15100 6 12
15101 11 8
15102 4 9
15103 5 4
15104 15 4
15105 8 4
15106 8 15
15107 3 3
15108 6 4
15109 6 5
15110 14 8
15111 12 4
15112 15 13
15113 7 12
15114 10 13
15115 7 6
15116 12 4
15117 3 12
15118 10 15
15119 10 12
15120 2 10
15121 13 9
15122 11 12
15123 11 3
15124 13 11
15125 8 4
15126 12 5
15127 13 6
15128 15 13
15129 3 12
15130 11 11
15131 12 8
15132 6 5
15133 5 10
15134 7 14
15135 5 4
15136 13 6
15137 9 4
15138 7 12
15139 2 7
15140 10 5
15141 5 5
15142 6 5
15143 15 2
15144 14 13
15145 5 3
15146 3 13
15147 15 7
15148 15 12
15149 10 9
15150 8 2
15151 7 13
15152 6 7
15153 15 9
15154 14 13
15155 8 13
15156 11 12
15157 6 9
15158 7 14
15159 9 8
15160 11 13
15161 13 14
15162 6 13
15163 14 12
15164 7 5
15165 7 5
15166 8 7
15167 11 9
15168 15 6
15169 8 8
15170 13 11
15171 14 10
15172 8 14
15173 3 8
15174 5 6
15175 4 3
15176 4 7
15177 6 7
15178 2 10
15179 13 2
15180 11 7
15181 15 11
15182 6 10
15183 3 15
15184 7 4
15185 14 8
15186 11 4
15187 7 14
15188 7 11
15189 8 8
15190 6 15
15191 9 4
15192 3 15
15193 5 2
15194 9 15
15195 6 4
15196 5 7
15197 14 13
15198 11 3
15199 6 4
15200 8 3
15201 15 6
15202 2 12
15203 6 12
15204 10 11
15205 5 5
15206 14 4
15207 8 15
15208 3 6
15209 14 7
15210 6 5
15211 13 14
15212 2 9
15213 11 8
15214 5 12
15215 14 9
15216 5 3
15217 12 2
15218 2 10
15219 12 12
15220 13 3
15221 9 10
15222 15 7
15223 4 4
15224 3 3
15225 7 13
15226 10 9
15227 3 10
15228 6 7
15229 4 5
15230 7 15
15231 12 6
15232 13 4
15233 8 10
15234 14 9
15235 6 6
15236 15 12
15237 12 12
15238 9 2
15239 3 9
15240 5 12
15241 4 15
15242 12 15
15243 12 2
15244 13 10
15245 8 14
15246 7 13
15247 15 4
15248 5 9
15249 9 9
15250 4 11
15251 8 8
15252 12 7
15253 8 5
15254 5 9
15255 2 3
15256 6 2
15257 12 15
15258 2 14
15259 12 13
15260 7 15
15261 4 15
15262 9 10
15263 3 2
15264 7 7
15265 12 10
15266 12 2
15267 2 2
15268 4 9
15269 15 12
15270 4 13
15271 4 3
15272 6 4
15273 7 9
15274 12 15
15275 5 3
15276 8 2
15277 11 6
15278 5 11
15279 13 14
15280 3 14
15281 5 14
15282 8 10
15283 14 12
15284 13 3
15285 9 4
15286 2 5
15287 3 5
15288 8 11
15289 7 7
15290 13 4
15291 10 14
15292 8 4
15293 13 2
15294 11 12
15295 4 11
15296 13 12
15297 15 9
15298 14 5
15299 7 4
15300 13 7
15301 11 7
15302 15 15
15303 12 12
15304 5 5
15305 4 4
15306 4 12
15307 13 14
15308 15 9
15309 5 13
15310 11 5
15311 10 11
15312 11 4
15313 2 6
15314 7 15
15315 9 13
15316 13 15
15317 14 15
15318 5 14
15319 7 5
15320 4 5
15321 8 8
15322 3 10
15323 7 2
15324 9 8
15325 3 2
15326 10 9
15327 2 10
15328 4 8
15329 11 9
15330 14 3
15331 14 10
15332 14 4
15333 15 15
15334 5 8
15335 2 3
15336 2 9
15337 3 4
15338 8 3
15339 7 12
15340 15 15
15341 10 5
15342 10 12
15343 10 12
15344 4 13
15345 3 15
15346 9 12
15347 14 15
15348 12 8
15349 13 14
15350 6 10
15351 15 6
15352 14 8
15353 9 5
15354 7 9
15355 14 6
15356 4 4
15357 5 5
15358 13 4
15359 4 4
15360 13 10
15361 2 12
15362 3 14
15363 11 6
15364 6 4
15365 7 10
15366 12 15
15367 13 11
15368 4 13
15369 15 12
15370 12 12
15371 15 4
15372 4 13
15373 7 8
15374 2 8
15375 4 15
15376 11 7
15377 5 7
15378 12 2
15379 8 5
15380 15 12
15381 14 13
15382 9 15
15383 14 5
15384 3 15
15385 12 3
15386 10 2
15387 6 8
15388 12 14
15389 9 6
15390 3 15
15391 5 2
15392 9 12
15393 7 5
15394 15 10
15395 6 14
15396 3 12
15397 10 7
15398 4 2
15399 12 3
15400 5 14
15401 8 4
15402 8 12
15403 2 10
15404 14 6
15405 12 8
15406 5 11
15407 15 13
15408 9 12
15409 7 8
15410 3 7
15411 13 6
15412 14 9
15413 2 7
15414 7 6
15415 11 3
15416 14 4
15417 12 12
15418 3 7
15419 3 8
15420 13 6
15421 3 3
15422 11 14
15423 12 7
15424 7 8
15425 6 2
15426 11 12
15427 3 11
15428 13 8
15429 11 5
15430 11 7
15431 9 10
15432 9 7
15433 14 4
15434 2 9
15435 14 2
15436 14 4
15437 2 6
15438 4 8
15439 4 12
15440 2 3
15441 11 15
15442 12 9
15443 3 4
15444 13 12
15445 3 4
15446 6 3
15447 5 11
15448 5 14
15449 13 8
15450 11 8
15451 9 10
15452 11 12
15453 9 8
15454 2 11
15455 10 9
15456 5 3
15457 4 8
15458 9 9
15459 5 3
15460 14 11
15461 14 4
15462 4 9
15463 12 8
15464 12 14
15465 2 9
15466 7 13
15467 11 10
15468 10 11
15469 9 12
15470 10 8
15471 7 5
15472 15 12
15473 5 12
15474 12 11
15475 13 13
15476 6 5
15477 3 11
15478 3 12
15479 14 8
15480 7 6
15481 5 2
15482 10 12
15483 13 14
15484 11 12
15485 7 4
15486 5 3
15487 4 2
15488 4 3
15489 11 3
15490 7 15
15491 2 14
15492 7 9
15493 14 8
15494 6 6
15495 11 12
15496 9 14
15497 6 9
15498 2 13
15499 2 2
15500 4 8
15501 10 9
15502 8 6
15503 6 10
15504 12 14
15505 8 9
15506 8 6
15507 11 9
15508 11 9
15509 6 3
15510 8 15
15511 5 8
15512 7 8
15513 13 2
15514 6 15
15515 7 2
15516 2 8
15517 5 7
15518 7 13
15519 5 9
15520 5 2
15521 11 13
15522 8 6
15523 11 8
15524 11 4
15525 9 9
15526 3 3
15527 12 11
15528 12 7
15529 4 11
15530 13 8
15531 5 7
15532 5 2
15533 13 7
15534 11 9
15535 13 2
15536 4 7
15537 7 3
15538 4 10
15539 4 9
15540 8 12
15541 5 8
15542 6 5
15543 3 15
15544 7 11
15545 6 10
15546 11 15
15547 10 15
15548 11 14
15549 7 11
15550 8 7
15551 6 8
15552 12 8
15553 5 6
15554 7 14
15555 6 15
15556 6 13
15557 5 6
15558 13 6
15559 14 3
15560 14 6
15561 11 3
15562 8 11
15563 11 11
15564 5 14
15565 11 5
15566 15 13
15567 15 6
15568 6 11
15569 9 6
15570 5 11
15571 6 8
15572 6 2
15573 10 14
15574 12 15
15575 12 13
15576 10 4
15577 4 5
15578 2 11
15579 7 10
15580 8 4
15581 11 13
15582 9 13
15583 5 11
15584 12 15
15585 10 12
15586 14 10
15587 11 15
15588 6 3
15589 5 4
15590 3 2
15591 14 11
15592 9 4
15593 2 13
15594 4 3
15595 15 9
15596 14 2
15597 9 7
15598 6 15
15599 10 7
15600 5 6
15601 12 13
15602 14 8
15603 7 7
15604 9 14
15605 11 4
15606 15 14
15607 4 2
15608 5 2
15609 2 6
15610 6 11
15611 8 15
15612 6 8
15613 3 4
15614 13 11
15615 5 11
15616 2 15
15617 2 4
15618 13 15
15619 7 3
15620 4 14
15621 3 5
15622 13 15
15623 9 7
15624 15 8
15625 15 7
15626 10 13
15627 11 8
15628 5 7
15629 11 7
15630 12 12
15631 15 9
15632 2 10
15633 8 14
15634 3 11
15635 11 5
15636 3 6
15637 13 7
15638 10 6
15639 5 6
15640 13 7
15641 8 8
15642 5 3
15643 3 5
15644 10 10
15645 7 2
15646 5 6
15647 4 5
15648 15 8
15649 4 12
15650 13 4
15651 2 15
15652 5 5
15653 6 9
15654 6 4
15655 6 8
15656 5 12
15657 3 2
15658 6 5
15659 12 9
15660 13 11
15661 8 10
15662 13 13
15663 12 14
15664 12 8
15665 14 15
15666 10 15
15667 2 2
15668 10 14
15669 12 7
15670 13 13
15671 4 11
15672 15 6
15673 8 14
15674 11 2
15675 4 14
15676 12 3
15677 12 12
15678 9 9
15679 6 3
15680 9 6
15681 5 2
15682 6 5
15683 15 7
15684 2 4
15685 5 10
15686 14 14
15687 15 7
15688 2 4
15689 4 15
15690 10 11
15691 6 8
15692 8 7
15693 4 9
15694 14 7
15695 13 15
15696 14 14
15697 4 5
15698 5 4
15699 10 4
15700 11 14
15701 5 2
15702 4 2
15703 4 7
15704 8 11
15705 3 5
15706 5 2
15707 5 2
15708 5 5
15709 6 8
15710 9 9
15711 3 13
15712 13 3
15713 12 8
15714 14 9
15715 7 15
15716 2 9
15717 15 8
15718 4 14
15719 9 11
15720 11 7
15721 14 15
15722 7 5
15723 13 2
15724 4 6
15725 12 7
15726 5 2
15727 3 4
15728 5 13
15729 11 10
15730 14 6
15731 15 9
15732 4 5
15733 2 5
15734 6 13
15735 14 4
15736 2 4
15737 10 6
15738 9 3
15739 14 11
15740 14 13
15741 14 14
15742 2 3
15743 9 13
15744 4 4
15745 12 14
15746 4 6
15747 2 7
15748 2 9
15749 15 13
15750 8 15
15751 6 12
15752 10 9
15753 13 14
15754 3 15
15755 9 12
15756 12 13
15757 9 7
15758 15 6
15759 8 3
15760 11 14
15761 15 11
15762 15 4
15763 6 2
15764 8 7
15765 12 10
15766 5 10
15767 15 9
15768 4 14
15769 12 9
15770 12 4
15771 7 10
15772 15 3
15773 4 4
15774 7 11
15775 2 14
15776 11 14
15777 13 7
15778 8 8
15779 14 10
15780 6 13
15781 6 10
15782 13 13
15783 4 5
15784 9 5
15785 12 5
15786 9 11
15787 14 3
15788 14 4
15789 3 4
15790 3 3
15791 2 3
15792 10 9
15793 10 2
15794 5 13
15795 7 13
15796 10 8
15797 14 13
15798 11 2
15799 12 3
15800 9 15
15801 2 15
15802 15 9
15803 6 13
15804 2 14
15805 12 5
15806 11 4
15807 7 3
15808 11 11
15809 11 6
15810 13 7
15811 4 11
15812 7 13
15813 14 3
15814 9 3
15815 4 4
15816 4 9
15817 8 13
15818 6 5
15819 5 10
15820 9 4
15821 4 2
15822 7 15
15823 6 4
15824 4 3
15825 8 4
15826 8 12
15827 7 12
15828 14 6
15829 11 12
15830 8 15
15831 5 5
15832 13 13
15833 2 13
15834 10 15
15835 5 5
15836 6 6
15837 6 9
15838 15 2
15839 6 10
15840 15 10
15841 9 10
15842 11 11
15843 7 2
15844 6 9
15845 2 14
15846 4 2
15847 15 7
15848 11 12
15849 8 14
15850 10 12
15851 7 3
15852 11 14
15853 15 7
15854 5 14
15855 12 9
15856 9 6
15857 11 13
15858 4 8
15859 8 12
15860 12 5
15861 4 11
15862 13 7
15863 8 5
15864 6 4
15865 9 9
15866 9 7
15867 14 4
15868 4 7
15869 11 4
15870 2 8
15871 3 8
15872 7 10
15873 3 4
15874 14 11
15875 4 2
15876 12 7
15877 11 13
15878 4 4
15879 11 6
15880 3 3
15881 7 15
15882 14 8
15883 5 2
15884 4 11
15885 7 7
15886 14 12
15887 13 11
15888 8 5
15889 8 5
15890 9 12
15891 13 14
15892 4 12
15893 8 4
15894 15 11
15895 13 6
15896 12 14
15897 4 2
15898 8 8
15899 3 7
15900 12 6
15901 11 10
15902 2 12
15903 12 10
15904 7 3
15905 5 5
15906 13 3
15907 5 12
15908 10 14
15909 15 2
15910 2 6
15911 11 10
15912 15 15
15913 5 13
15914 15 4
15915 3 15
15916 12 3
15917 4 15
15918 4 3
15919 15 4
15920 14 3
15921 7 13
15922 6 10
15923 12 3
15924 13 7
15925 10 4
15926 15 8
15927 10 8
15928 10 9
15929 8 6
15930 2 3
15931 14 11
15932 3 10
15933 7 6
15934 10 10
15935 2 8
15936 6 6
15937 14 4
15938 15 15
15939 12 2
15940 2 14
15941 8 4
15942 11 10
15943 9 9
15944 12 10
15945 9 5
15946 15 7
15947 10 7
15948 14 13
15949 8 12
15950 8 6
15951 15 8
15952 13 6
15953 14 13
15954 3 11
15955 8 13
15956 4 5
15957 6 12
15958 4 3
15959 11 4
15960 13 8
15961 14 4
15962 4 3
15963 5 4
15964 2 6
15965 13 3
15966 2 6
15967 4 11
15968 6 10
15969 5 14
15970 3 6
15971 13 9
15972 10 11
15973 14 15
15974 13 15
15975 3 3
15976 9 15
15977 11 9
15978 4 15
15979 14 8
15980 11 11
15981 11 11
15982 6 11
15983 13 10
15984 3 12
15985 4 10
15986 13 5
15987 3 13
15988 10 2
15989 2 5
15990 8 8
15991 8 2
15992 13 13
15993 13 4
15994 13 2
15995 2 2
15996 7 5
15997 13 4
15998 10 7
15999 5 10
16000 8 5
16001 15 3
16002 2 7
16003 12 2
16004 7 14
16005 4 6
16006 5 10
16007 5 10
16008 13 2
16009 7 10
16010 13 4
16011 8 15
16012 14 11
16013 4 12
16014 14 11
16015 14 11
16016 2 2
16017 9 8
16018 10 13
16019 8 4
16020 15 9
16021 14 8
16022 5 15
16023 5 4
16024 15 10
16025 5 15
16026 10 11
16027 8 12
16028 14 5
16029 5 15
16030 9 8
16031 13 3
16032 10 7
16033 12 3
16034 12 10
16035 14 14
16036 15 14
16037 8 4
16038 8 9
16039 3 5
16040 8 10
16041 6 14
16042 3 2
16043 3 5
16044 4 12
16045 10 14
16046 4 5
16047 5 13
16048 11 4
16049 3 12
16050 10 15
16051 10 13
16052 5 7
16053 4 9
16054 13 11
16055 13 15
16056 3 10
16057 9 7
16058 13 14
16059 13 13
16060 2 8
16061 9 9
16062 8 3
16063 12 2
16064 8 14
16065 12 13
16066 7 15
16067 11 4
16068 2 12
16069 10 10
16070 3 15
16071 12 15
16072 6 5
16073 14 3
16074 11 4
16075 9 11
16076 9 8
16077 3 9
16078 10 13
16079 3 7
16080 11 8
16081 11 15
16082 10 12
16083 5 10
16084 13 6
16085 7 12
16086 9 4
16087 13 12
16088 2 13
16089 15 13
16090 4 13
16091 8 8
16092 7 13
16093 15 8
16094 10 8
16095 14 4
16096 11 15
16097 7 11
16098 15 3
16099 4 7
16100 9 5
16101 6 11
16102 10 11
16103 11 4
16104 7 7
16105 5 11
16106 6 12
16107 8 12
16108 12 2
16109 14 9
16110 13 6
16111 4 11
16112 15 11
16113 2 9
16114 6 12
16115 9 4
16116 14 11
16117 8 8
16118 11 6
16119 3 14
16120 9 11
16121 11 8
16122 9 2
16123 10 2
16124 10 14
16125 11 9
16126 6 12
16127 12 9
16128 6 10
16129 7 12
16130 11 15
16131 11 6
16132 8 6
16133 3 10
16134 5 14
16135 11 14
16136 10 15
16137 6 3
16138 8 9
16139 5 6
16140 15 9
16141 10 12
16142 7 5
16143 8 13
16144 11 10
16145 14 10
16146 3 8
16147 6 14
16148 11 10
16149 2 6
16150 6 7
16151 2 14
16152 11 4
16153 12 12
16154 10 14
16155 8 2
16156 7 4
16157 3 15
16158 2 4
16159 8 4
16160 9 2
16161 8 8
16162 6 10
16163 11 2
16164 2 15
16165 10 4
16166 6 10
16167 15 6
16168 7 10
16169 3 14
16170 5 2
16171 10 10
16172 11 10
16173 5 15
16174 12 14
16175 2 7
16176 9 6
16177 12 15
16178 10 10
16179 5 11
16180 11 13
16181 9 6
16182 15 15
16183 13 3
16184 10 7
16185 8 15
16186 5 2
16187 4 9
16188 14 7
16189 2 2
16190 2 5
16191 2 12
16192 7 13
16193 8 14
16194 12 8
16195 3 11
16196 15 14
16197 11 7
16198 12 5
16199 2 7
16200 8 6
16201 3 10
16202 6 14
16203 11 5
16204 15 9
16205 10 12
16206 15 6
16207 8 9
16208 11 2
16209 10 14
16210 9 13
16211 2 12
16212 3 10
16213 9 4
16214 8 12
16215 14 2
16216 2 3
16217 12 14
16218 5 8
16219 7 13
16220 3 2
16221 5 6
16222 6 6
16223 6 4
16224 11 11
16225 2 8
16226 9 6
16227 12 7
16228 8 10
16229 8 15
16230 7 4
16231 6 2
16232 8 4
16233 14 14
16234 4 3
16235 7 7
16236 11 11
16237 8 15
16238 9 4
16239 7 8
16240 14 4
16241 4 15
16242 4 3
16243 11 2
16244 7 5
16245 5 12
16246 12 12
16247 6 9
16248 14 2
16249 6 9
16250 6 9
16251 8 6
16252 10 6
16253 12 14
16254 7 7
16255 11 5
16256 11 8
16257 7 4
16258 3 15
16259 15 15
16260 5 10
16261 5 7
16262 2 9
16263 15 3
16264 4 6
16265 7 13
16266 7 5
16267 3 4
16268 13 15
16269 15 11
16270 2 2
16271 13 5
16272 8 4
16273 12 4
16274 3 15
16275 3 13
16276 14 9
16277 5 14
16278 12 4
16279 12 9
16280 9 4
16281 8 14
16282 6 10
16283 12 10
16284 13 5
16285 11 7
16286 10 7
16287 13 12
16288 7 10
16289 7 4
16290 4 11
16291 12 6
16292 4 12
16293 15 7
16294 4 13
16295 15 7
16296 3 8
16297 3 10
16298 7 9
16299 7 11
16300 3 9
16301 3 2
16302 7 2
16303 10 15
16304 12 2
16305 7 6
16306 11 3
16307 6 9
16308 9 6
16309 6 9
16310 5 14
16311 7 12
16312 5 7
16313 14 4
16314 6 9
16315 15 10
16316 13 13
16317 15 13
16318 6 3
16319 15 14
16320 15 9
16321 3 7
16322 11 6
16323 13 14
16324 11 9
16325 5 6
16326 6 15
16327 11 5
16328 2 7
16329 5 9
16330 10 10
16331 2 5
16332 5 3
16333 10 5
16334 8 3
16335 15 14
16336 3 13
16337 5 5
16338 15 12
16339 10 11
16340 4 8
16341 2 10
16342 9 10
16343 10 4
16344 14 10
16345 3 7
16346 14 4
16347 9 10
16348 9 5
16349 2 6
16350 15 10
16351 8 4
16352 7 12
16353 3 7
16354 4 3
16355 9 13
16356 6 8
16357 7 15
16358 12 5
16359 7 13
16360 5 9
16361 14 14
16362 14 10
16363 2 3
16364 10 11
16365 15 3
16366 7 8
16367 12 9
16368 5 6
16369 6 15
16370 8 9
16371 3 13
16372 9 9
16373 13 8
16374 4 11
16375 14 8
16376 11 3
16377 6 5
16378 5 15
16379 8 4
16380 11 11
16381 11 6
16382 8 12
16383 14 8
16384 6 7
16385 2 11
16386 11 11
16387 11 14
16388 2 13
16389 2 3
16390 2 10
16391 11 10
16392 7 9
16393 5 11
16394 2 10
16395 5 15
16396 12 13
16397 7 4
16398 3 13
16399 3 10
16400 11 8
16401 12 10
16402 6 6
16403 4 12
16404 6 8
16405 6 13
16406 10 14
16407 10 6
16408 11 14
16409 15 12
16410 11 13
16411 9 11
16412 7 9
16413 4 10
16414 7 15
16415 14 9
16416 7 12
16417 13 11
16418 7 14
16419 10 4
16420 10 13
16421 3 15
16422 11 2
16423 4 4
16424 3 9
16425 13 11
16426 9 13
16427 10 11
16428 12 12
16429 15 12
16430 15 3
16431 15 4
16432 6 10
16433 10 5
16434 12 11
16435 15 9
16436 3 9
16437 2 7
16438 14 11
16439 10 6
16440 6 7
16441 14 3
16442 14 6
16443 14 5
16444 8 9
16445 14 15
16446 4 10
16447 8 10
16448 3 3
16449 4 13
16450 5 12
16451 2 5
16452 10 10
16453 7 14
16454 8 15
16455 10 3
16456 14 3
16457 11 5
16458 11 9
16459 15 10
16460 3 6
16461 7 11
16462 2 15
16463 2 13
16464 14 11
16465 12 15
16466 15 13
16467 11 12
16468 15 4
16469 15 3
16470 9 9
16471 11 2
16472 7 7
16473 4 10
16474 15 8
16475 8 11
16476 5 5
16477 15 14
16478 7 3
16479 12 15
16480 12 7
16481 13 10
16482 10 14
16483 2 14
16484 13 9
16485 13 2
16486 14 15
16487 12 7
16488 5 4
16489 12 8
16490 2 13
16491 13 3
16492 3 11
16493 5 14
16494 11 3
16495 2 5
16496 15 10
16497 4 15
16498 11 9
16499 6 4
16500 12 15
16501 7 7
16502 3 5
16503 13 8
16504 2 11
16505 2 13
16506 10 7
16507 15 10
16508 14 3
16509 15 10
16510 13 3
16511 2 6
16512 7 2
16513 4 6
16514 5 13
16515 9 5
16516 8 3
16517 7 13
16518 14 14
16519 10 9
16520 5 8
16521 14 8
16522 4 9
16523 3 5
16524 13 7
16525 10 13
16526 11 8
16527 11 5
16528 5 7
16529 5 14
16530 11 2
16531 13 2
16532 12 7
16533 10 7
16534 15 14
16535 15 8
16536 3 7
16537 12 6
16538 9 12
16539 5 3
16540 12 7
16541 15 8
16542 15 8
16543 5 11
16544 9 11
16545 4 7
16546 7 14
16547 3 3
16548 8 6
16549 5 8
16550 12 11
16551 2 12
16552 4 15
16553 10 5
16554 9 9
16555 4 9
16556 2 15
16557 4 10
16558 11 8
16559 14 12
16560 8 8
16561 2 7
16562 5 6
16563 4 10
16564 3 8
16565 14 6
16566 6 3
16567 15 13
16568 12 8
16569 3 2
16570 3 11
16571 13 9
16572 7 12
16573 5 7
16574 10 15
16575 15 12
16576 6 8
16577 15 6
16578 2 7
16579 3 2
16580 5 12
16581 10 10
16582 2 4
16583 9 5
16584 2 6
16585 4 9
16586 8 5
16587 8 4
16588 15 10
16589 15 3
16590 6 12
16591 6 12
16592 6 9
16593 3 10
16594 14 11
16595 5 11
16596 7 14
16597 5 2
16598 11 8
16599 11 14
16600 2 8
16601 9 8
16602 6 13
16603 14 15
16604 12 15
16605 11 12
16606 13 2
16607 11 4
16608 4 10
16609 10 14
16610 15 6
16611 11 10
16612 9 14
16613 6 15
16614 7 14
16615 7 3
16616 15 13
16617 5 15
16618 15 14
16619 7 10
16620 13 9
16621 4 15
16622 9 3
16623 9 6
16624 5 2
16625 12 8
16626 14 10
16627 10 3
16628 14 3
16629 14 8
16630 15 15
16631 15 6
16632 14 13
16633 14 15
16634 2 5
16635 6 5
16636 11 10
16637 14 10
16638 3 10
16639 9 5
16640 10 9
16641 9 12
16642 13 7
16643 10 5
16644 13 5
16645 5 8
16646 6 14
16647 9 9
16648 2 15
16649 6 3
16650 5 13
16651 2 11
16652 2 11
16653 3 7
16654 5 10
16655 15 12
16656 15 8
16657 2 4
16658 10 4
16659 8 4
16660 7 6
16661 14 4
16662 2 6
16663 3 12
16664 15 4
16665 15 15
16666 5 3
16667 11 2
16668 13 12
16669 7 9
16670 9 4
16671 2 6
16672 14 6
16673 3 2
16674 2 13
16675 13 9
16676 13 11
16677 15 13
16678 6 3
16679 11 5
16680 4 6
16681 7 14
16682 5 15
16683 10 12
16684 3 2
16685 11 9
16686 13 11
16687 6 3
16688 12 4
16689 4 14
16690 6 10
16691 9 2
16692 11 13
16693 13 10
16694 9 4
16695 13 8
16696 6 15
16697 11 8
16698 5 4
16699 4 7
16700 3 9
16701 15 6
16702 14 4
16703 4 6
16704 2 6
16705 15 13
16706 12 12
16707 5 4
16708 8 3
16709 3 10
16710 15 11
16711 2 2
16712 5 6
16713 8 10
16714 8 3
16715 13 8
16716 5 2
16717 9 2
16718 4 10
16719 8 9
16720 13 12
16721 4 2
16722 4 14
16723 2 2
16724 11 7
16725 14 14
16726 5 8
16727 14 8
16728 13 4
16729 3 11
16730 7 5
16731 8 10
16732 11 2
16733 2 7
16734 9 9
16735 11 7
16736 2 2
16737 3 9
16738 5 4
16739 7 14
16740 11 2
16741 2 14
16742 9 5
16743 11 9
16744 3 5
16745 14 14
16746 2 12
16747 9 4
16748 4 3
16749 3 5
16750 10 15
16751 8 11
16752 2 13
16753 10 9
16754 3 12
16755 8 9
16756 4 4
16757 3 2
16758 14 15
16759 6 7
16760 15 13
16761 14 6
16762 13 8
16763 14 3
16764 9 3
16765 11 4
16766 10 14
16767 3 9
16768 15 2
16769 9 6
16770 6 5
16771 8 2
16772 4 15
16773 5 14
16774 6 6
16775 15 14
16776 4 4
16777 7 4
16778 3 12
16779 8 2
16780 4 7
16781 4 5
16782 11 6
16783 14 3
16784 4 13
16785 12 13
16786 2 11
16787 6 6
16788 13 15
16789 9 14
16790 15 9
16791 4 8
16792 11 2
16793 5 12
16794 4 8
16795 12 12
16796 7 7
16797 3 5
16798 4 9
16799 8 3
16800 12 9
16801 11 15
16802 6 13
16803 10 2
16804 12 4
16805 6 7
16806 15 13
16807 7 11
16808 10 7
16809 3 8
16810 2 4
16811 3 3
16812 11 12
16813 3 7
16814 10 11
16815 15 3
16816 4 14
16817 8 10
16818 8 14
16819 13 6
16820 13 11
16821 14 10
16822 8 6
16823 9 10
16824 8 14
16825 10 12
16826 8 4
16827 5 9
16828 8 2
16829 2 10
16830 10 6
16831 6 9
16832 6 2
16833 10 13
16834 5 9
16835 15 12
16836 10 3
16837 11 3
16838 11 2
16839 9 6
16840 11 15
16841 11 4
16842 3 8
16843 6 2
16844 2 8
16845 11 13
16846 13 14
16847 10 15
16848 14 5
16849 8 11
16850 13 12
16851 4 15
16852 5 14
16853 7 5
16854 6 10
16855 6 10
16856 8 6
16857 9 2
16858 10 4
16859 3 5
16860 11 10
16861 8 7
16862 6 8
16863 4 4
16864 13 15
16865 2 4
16866 3 4
16867 5 13
16868 13 9
16869 12 13
16870 4 15
16871 2 7
16872 7 2
16873 5 14
16874 5 2
16875 2 2
16876 2 10
16877 10 8
16878 5 14
16879 6 13
16880 13 8
16881 9 5
16882 11 3
16883 11 2
16884 2 10
16885 10 11
16886 14 14
16887 11 3
16888 3 6
16889 3 8
16890 14 2
16891 2 11
16892 15 15
16893 3 8
16894 11 14
16895 13 12
16896 4 15
16897 5 4
16898 12 9
16899 5 9
16900 13 15
16901 11 12
16902 10 14
16903 11 13
16904 9 13
16905 13 11
16906 2 8
16907 2 10
16908 14 13
16909 7 6
16910 10 15
16911 3 15
16912 15 10
16913 8 9
16914 6 8
16915 5 2
16916 2 2
16917 11 15
16918 15 11
16919 10 6
16920 12 5
16921 5 8
16922 3 3
16923 13 15
16924 5 9
16925 3 3
16926 10 3
16927 7 3
16928 12 11
16929 10 12
16930 7 13
16931 6 7
16932 10 4
16933 14 11
16934 14 6
16935 4 2
16936 5 12
16937 6 14
16938 15 12
16939 2 3
16940 7 5
16941 7 14
16942 5 6
16943 8 8
16944 2 9
16945 7 8
16946 11 11
16947 11 6
16948 6 11
16949 13 6
16950 15 8
16951 8 9
16952 4 13
16953 2 3
16954 2 10
16955 4 6
16956 12 13
16957 2 14
16958 4 13
16959 14 10
16960 3 13
16961 10 4
16962 4 12
16963 5 10
16964 9 11
16965 14 6
16966 2 4
16967 8 4
16968 2 10
16969 7 10
16970 3 9
16971 6 13
16972 7 4
16973 9 5
16974 14 7
16975 12 5
16976 8 6
16977 4 5
16978 7 9
16979 2 2
16980 6 3
16981 4 11
16982 3 14
16983 10 4
16984 10 13
16985 7 3
16986 10 3
16987 12 8
16988 3 12
16989 4 14
16990 12 7
16991 7 11
16992 2 6
16993 12 15
16994 8 3
16995 2 2
16996 9 11
16997 4 5
16998 2 6
16999 8 8
17000 2 2
17001 3 4
17002 10 5
17003 10 4
17004 9 3
17005 2 3
17006 13 13
17007 4 5
17008 4 11
17009 13 12
17010 8 3
17011 7 3
17012 4 2
17013 12 6
17014 10 13
17015 7 2
17016 9 13
17017 8 8
17018 14 7
17019 5 15
17020 14 13
17021 14 6
17022 6 8
17023 13 2
17024 6 12
17025 4 4
17026 9 8
17027 5 15
17028 12 6
17029 8 15
17030 2 3
17031 11 3
17032 7 5
17033 2 7
17034 9 13
17035 13 14
17036 12 5
17037 13 6
17038 9 15
17039 4 6
17040 5 7
17041 10 8
17042 3 9
17043 8 10
17044 4 4
17045 7 14
17046 3 13
17047 12 4
17048 15 9
17049 12 4
17050 8 9
17051 2 10
17052 8 15
17053 8 13
17054 14 8
17055 7 13
17056 14 8
17057 4 15
17058 4 6
17059 3 11
17060 9 8
17061 15 10
17062 9 10
17063 15 15
17064 6 14
17065 11 6
17066 9 9
17067 15 3
17068 12 4
17069 11 2
17070 12 5
17071 7 2
17072 2 8
17073 3 14
17074 10 6
17075 10 11
17076 9 6
17077 4 4
17078 5 7
17079 15 6
17080 14 5
17081 6 2
17082 6 13
17083 8 13
17084 14 8
17085 10 4
17086 3 4
17087 3 7
17088 14 12
17089 8 15
17090 6 11
17091 13 14
17092 7 4
17093 7 6
17094 11 14
17095 4 2
17096 8 12
17097 13 6
17098 14 6
17099 12 15
17100 3 14
17101 3 3
17102 12 13
17103 11 9
17104 14 5
17105 10 10
17106 3 10
17107 4 9
17108 5 2
17109 15 12
17110 8 5
17111 6 5
17112 7 12
17113 11 14
17114 6 10
17115 15 15
17116 10 14
17117 4 13
17118 3 10
17119 10 6
17120 11 14
17121 8 10
17122 2 8
17123 8 6
17124 15 14
17125 2 7
17126 15 3
17127 15 3
17128 2 4
17129 3 4
17130 15 7
17131 6 5
17132 12 13
17133 6 3
17134 14 13
17135 4 5
17136 15 2
17137 3 13
17138 8 2
17139 6 11
17140 13 10
17141 8 2
17142 15 5
17143 9 4
17144 3 13
17145 13 12
17146 15 10
17147 8 2
17148 2 5
17149 4 2
17150 13 5
17151 3 11
17152 9 10
17153 15 11
17154 11 11
17155 2 3
17156 3 14
17157 6 2
17158 2 5
17159 6 9
17160 15 3
17161 5 3
17162 14 13
17163 9 13
17164 3 11
17165 15 9
17166 14 12
17167 10 8
17168 2 14
17169 13 3
17170 12 14
17171 8 4
17172 14 7
17173 12 13
17174 11 14
17175 2 13
17176 10 6
17177 3 11
17178 12 6
17179 15 12
17180 9 15
17181 10 7
17182 15 7
17183 2 12
17184 3 3
17185 5 9
17186 7 5
17187 7 10
17188 4 13
17189 3 2
17190 9 4
17191 10 10
17192 12 15
17193 15 9
17194 10 13
17195 2 9
17196 4 14
17197 9 11
17198 14 2
17199 13 5
17200 9 3
17201 8 3
17202 8 2
17203 10 13
17204 10 3
17205 14 11
17206 9 15
17207 4 4
17208 5 12
17209 11 14
17210 11 12
17211 8 6
17212 9 9
17213 14 3
17214 10 5
17215 9 7
17216 15 5
17217 2 9
17218 8 10
17219 15 3
17220 2 4
17221 14 6
17222 10 2
17223 12 13
17224 13 10
17225 7 14
17226 7 9
17227 15 10
17228 2 2
17229 4 12
17230 6 12
17231 15 6
17232 5 14
17233 14 4
17234 5 8
17235 4 4
17236 15 3
17237 8 11
17238 2 14
17239 8 11
17240 12 14
17241 8 10
17242 7 15
17243 9 6
17244 8 12
17245 9 2
17246 8 14
17247 9 12
17248 12 7
17249 3 8
17250 11 13
17251 3 5
17252 11 15
17253 7 13
17254 13 4
17255 3 7
17256 2 13
17257 3 15
17258 8 6
17259 15 4
17260 8 3
17261 2 9
17262 2 5
17263 5 7
17264 2 15
17265 12 10
17266 14 6
17267 14 4
17268 6 15
17269 5 13
17270 13 13
17271 3 11
17272 10 15
17273 5 11
17274 4 6
17275 10 15
17276 6 10
17277 3 5
17278 2 2
17279 6 3
17280 13 8
17281 11 14
17282 14 3
17283 15 2
17284 7 15
17285 5 2
17286 4 3
17287 7 3
17288 8 9
17289 13 7
17290 14 14
17291 13 10
17292 8 13
17293 6 8
17294 13 14
17295 5 5
17296 12 15
17297 11 15
17298 7 5
17299 6 10
17300 3 3
17301 2 7
17302 2 15
17303 3 14
17304 6 9
17305 8 6
17306 14 4
17307 9 10
17308 15 14
17309 11 14
17310 8 15
17311 3 7
17312 9 5
17313 10 7
17314 7 13
17315 14 15
17316 3 4
17317 10 14
17318 3 9
17319 9 7
17320 14 3
17321 4 5
17322 11 7
17323 14 11
17324 9 10
17325 3 7
17326 7 6
17327 4 8
17328 15 12
17329 2 14
17330 12 14
17331 11 9
17332 4 5
17333 13 8
17334 2 4
17335 6 14
17336 6 8
17337 14 13
17338 15 7
17339 14 6
17340 8 14
17341 9 9
17342 4 2
17343 7 3
17344 9 3
17345 2 9
17346 5 2
17347 15 10
17348 9 3
17349 7 8
17350 14 6
17351 14 12
17352 9 10
17353 12 14
17354 5 9
17355 12 13
17356 2 5
17357 3 9
17358 7 6
17359 5 10
17360 2 14
17361 4 9
17362 6 15
17363 3 15
17364 6 10
17365 15 7
17366 13 9
17367 12 4
17368 8 2
17369 4 11
17370 4 7
17371 6 14
17372 14 8
17373 12 10
17374 8 4
17375 9 4
17376 10 10
17377 15 6
17378 2 9
17379 8 8
17380 6 4
17381 2 9
17382 12 8
17383 12 5
17384 4 9
17385 3 15
17386 15 13
17387 5 7
17388 5 13
17389 10 8
17390 9 8
17391 13 4
17392 7 11
17393 4 5
17394 10 8
17395 13 10
17396 15 9
17397 11 2
17398 8 12
17399 13 2
17400 14 6
17401 10 10
17402 8 11
17403 12 5
17404 4 2
17405 13 7
17406 14 7
17407 14 5
17408 6 2
17409 7 14
17410 2 12
17411 10 15
17412 11 14
17413 4 9
17414 5 11
17415 8 13
17416 3 7
17417 11 15
17418 9 8
17419 6 14
17420 2 7
17421 5 12
17422 12 13
17423 7 8
17424 9 2
17425 13 9
17426 10 11
17427 9 9
17428 13 7
17429 7 6
17430 4 8
17431 15 3
17432 11 13
17433 15 2
17434 5 15
17435 14 10
17436 6 4
17437 15 4
17438 9 5
17439 15 8
17440 13 15
17441 4 9
17442 13 5
17443 4 2
17444 13 4
17445 4 12
17446 4 9
17447 3 3
17448 14 3
17449 15 9
17450 15 7
17451 12 9
17452 8 11
17453 3 9
17454 3 8
17455 4 2
17456 14 6
17457 4 11
17458 10 7
17459 3 6
17460 6 15
17461 10 8
17462 11 10
17463 5 2
17464 7 4
17465 3 15
17466 8 11
17467 2 5
17468 11 15
17469 14 4
17470 4 2
17471 4 13
17472 8 11
17473 14 10
17474 2 3
17475 6 4
17476 12 8
17477 6 9
17478 15 3
17479 2 8
17480 10 2
17481 15 3
17482 9 9
17483 14 2
17484 5 14
17485 3 8
17486 5 9
17487 14 2
17488 7 12
17489 2 2
17490 6 11
17491 5 5
17492 4 8
17493 15 9
17494 4 6
17495 6 8
17496 11 5
17497 15 3
17498 15 14
17499 9 4
17500 11 6
17501 14 9
17502 8 5
17503 10 2
17504 10 5
17505 11 2
17506 13 8
17507 14 7
17508 6 2
17509 4 7
17510 11 13
17511 11 15
17512 10 7
17513 3 13
17514 11 5
17515 13 11
17516 5 4
17517 9 13
17518 4 14
17519 9 4
17520 10 15
17521 3 4
17522 11 3
17523 15 8
17524 5 7
17525 12 2
17526 6 14
17527 11 15
17528 8 2
17529 4 15
17530 8 13
17531 8 9
17532 8 12
17533 7 15
17534 4 9
17535 15 4
17536 10 12
17537 6 7
17538 5 11
17539 9 6
17540 11 13
17541 12 11
17542 7 2
17543 9 13
17544 2 10
17545 15 10
17546 8 6
17547 15 2
17548 8 13
17549 9 7
17550 14 8
17551 15 15
17552 2 4
17553 2 10
17554 2 12
17555 13 3
17556 11 15
17557 15 4
17558 11 2
17559 4 4
17560 14 3
17561 7 14
17562 15 6
17563 15 5
17564 11 2
17565 6 6
17566 10 11
17567 2 11
17568 5 4
17569 4 7
17570 5 5
17571 5 4
17572 2 4
17573 5 7
17574 3 2
17575 4 14
17576 7 12
17577 14 7
17578 7 15
17579 2 3
17580 11 13
17581 5 7
17582 6 7
17583 14 13
17584 12 2
17585 5 15
17586 8 11
17587 10 15
17588 10 14
17589 10 6
17590 13 14
17591 5 11
17592 5 14
17593 14 5
17594 5 4
17595 6 15
17596 5 8
17597 4 11
17598 8 4
17599 2 14
17600 10 2
17601 7 11
17602 13 13
17603 10 12
17604 5 3
17605 4 15
17606 14 6
17607 14 6
17608 3 4
17609 11 2
17610 9 14
17611 7 14
17612 11 8
17613 7 15
17614 11 11
17615 11 4
17616 2 3
17617 4 5
17618 9 8
17619 5 3
17620 9 9
17621 6 11
17622 7 6
17623 4 3
17624 2 8
17625 4 11
17626 14 15
17627 6 12
17628 3 11
17629 5 9
17630 7 11
17631 14 3
17632 11 4
17633 4 8
17634 9 3
17635 13 5
17636 3 9
17637 7 5
17638 13 8
17639 4 8
17640 15 6
17641 9 7
17642 4 12
17643 15 10
17644 12 8
17645 6 8
17646 3 4
17647 13 2
17648 11 8
17649 3 9
17650 14 14
17651 5 2
17652 2 11
17653 11 4
17654 12 13
17655 10 6
17656 7 15
17657 4 6
17658 2 5
17659 4 13
17660 3 3
17661 7 13
17662 5 15
17663 7 7
17664 2 7
17665 3 6
17666 5 13
17667 14 4
17668 3 11
17669 12 3
17670 6 5
17671 12 15
17672 2 10
17673 15 9
17674 9 11
17675 9 12
17676 4 6
17677 9 11
17678 4 7
17679 13 13
17680 6 15
17681 4 4
17682 3 10
17683 10 5
17684 13 15
17685 6 12
17686 14 12
17687 7 13
17688 10 14
17689 3 11
17690 4 13
17691 2 6
17692 14 10
17693 9 9
17694 2 8
17695 9 12
17696 8 15
17697 11 5
17698 5 5
17699 14 4
17700 11 11
17701 10 8
17702 7 3
17703 7 15
17704 11 2
17705 4 7
17706 9 13
17707 10 12
17708 6 8
17709 6 2
17710 10 7
17711 12 10
17712 14 14
17713 7 13
17714 10 10
17715 5 15
17716 13 10
17717 4 14
17718 7 13
17719 8 13
17720 14 9
17721 4 8
17722 14 4
17723 2 13
17724 10 6
17725 8 9
17726 4 12
17727 11 14
17728 4 7
17729 6 5
17730 15 14
17731 12 15
17732 7 13
17733 7 3
17734 14 11
17735 8 4
17736 10 4
17737 4 4
17738 15 7
17739 2 14
17740 3 10
17741 4 7
17742 13 14
17743 12 12
17744 8 4
17745 14 6
17746 9 4
17747 10 8
17748 5 11
17749 14 6
17750 4 12
17751 2 3
17752 15 4
17753 14 4
17754 5 6
17755 3 6
17756 11 11
17757 4 11
17758 2 14
17759 2 11
17760 13 12
17761 8 8
17762 4 15
17763 13 9
17764 2 4
17765 8 8
17766 2 6
17767 15 7
17768 15 15
17769 2 11
17770 7 8
17771 5 4
17772 3 9
17773 15 6
17774 12 2
17775 2 13
17776 5 11
17777 3 2
17778 13 14
17779 3 11
17780 5 5
17781 7 14
17782 5 10
17783 11 4
17784 4 4
17785 6 15
17786 9 3
17787 3 11
17788 5 8
17789 15 2
17790 13 2
17791 8 2
17792 10 4
17793 9 9
17794 12 2
17795 7 8
17796 6 8
17797 3 12
17798 13 8
17799 15 15
17800 2 9
17801 8 15
17802 4 8
17803 6 5
17804 13 10
17805 13 7
17806 2 2
17807 11 7
17808 5 9
17809 4 5
17810 6 8
17811 3 9
17812 15 8
17813 12 4
17814 15 5
17815 12 3
17816 5 15
17817 5 14
17818 8 3
17819 2 12
17820 14 11
17821 6 6
17822 13 3
17823 8 6
17824 4 5
17825 13 3
17826 8 7
17827 6 15
17828 6 3
17829 13 5
17830 9 4
17831 9 9
17832 12 8
17833 10 7
17834 9 8
17835 14 2
17836 8 15
17837 13 5
17838 14 6
17839 11 6
17840 4 11
17841 2 15
17842 6 8
17843 14 3
17844 9 7
17845 15 7
17846 3 10
17847 10 9
17848 2 3
17849 15 15
17850 9 11
17851 11 11
17852 5 4
17853 6 13
17854 4 2
17855 4 6
17856 10 5
17857 9 6
17858 6 14
17859 6 3
17860 14 9
17861 4 5
17862 6 7
17863 8 14
17864 7 14
17865 5 10
17866 15 8
17867 11 6
17868 9 11
17869 14 2
17870 4 7
17871 15 6
17872 14 10
17873 7 13
17874 5 8
17875 15 14
17876 4 8
17877 10 11
17878 2 6
17879 13 9
17880 4 5
17881 10 8
17882 13 13
17883 6 3
17884 12 2
17885 2 11
17886 7 5
17887 10 15
17888 7 12
17889 7 9
17890 13 6
17891 4 3
17892 8 13
17893 6 5
17894 7 14
17895 11 11
17896 2 15
17897 14 2
17898 11 14
17899 5 9
17900 10 3
17901 6 12
17902 8 2
17903 6 9
17904 15 12
17905 12 8
17906 13 3
17907 6 5
17908 9 10
17909 10 6
17910 6 5
17911 9 2
17912 8 13
17913 8 3
17914 10 14
17915 9 15
17916 12 15
17917 7 8
17918 6 8
17919 15 9
17920 4 12
17921 8 14
17922 5 8
17923 10 14
17924 14 3
17925 7 12
17926 6 13
17927 3 10
17928 7 15
17929 10 13
17930 11 11
17931 2 2
17932 4 9
17933 9 13
17934 4 11
17935 15 3
17936 2 14
17937 10 6
17938 7 2
17939 13 9
17940 12 15
17941 15 10
17942 8 2
17943 6 5
17944 7 8
17945 14 8
17946 2 7
17947 2 5
17948 13 5
17949 9 6
17950 8 11
17951 10 5
17952 5 2
17953 8 9
17954 12 9
17955 12 5
17956 2 15
17957 8 9
17958 13 14
17959 3 10
17960 4 4
17961 13 4
17962 8 8
17963 15 9
17964 11 12
17965 6 14
17966 3 11
17967 2 14
17968 10 9
17969 10 12
17970 10 8
17971 7 5
17972 10 14
17973 7 12
17974 11 14
17975 15 2
17976 8 9
17977 14 5
17978 11 8
17979 5 6
17980 12 15
17981 4 13
17982 10 13
17983 11 15
17984 15 10
17985 14 9
17986 8 2
17987 13 15
17988 7 14
17989 12 7
17990 15 2
17991 15 12
17992 12 6
17993 11 4
17994 4 15
17995 3 13
17996 9 2
17997 6 12
17998 15 10
17999 8 14
18000 13 14
18001 3 10
18002 15 8
18003 12 13
18004 9 2
18005 8 8
18006 5 4
18007 15 2
18008 14 3
18009 8 14
18010 4 11
18011 12 2
18012 9 5
18013 14 11
18014 11 4
18015 14 15
18016 10 15
18017 11 3
18018 12 11
18019 15 10
18020 4 9
18021 3 10
18022 4 8
18023 13 7
18024 14 5
18025 14 14
18026 5 9
18027 3 9
18028 13 2
18029 10 8
18030 15 15
18031 6 11
18032 6 4
18033 8 11
18034 6 4
18035 2 5
18036 13 13
18037 11 10
18038 12 12
18039 5 3
18040 12 14
18041 5 7
18042 6 12
18043 12 11
18044 13 2
18045 3 6
18046 7 14
18047 11 11
18048 8 9
18049 2 8
18050 11 4
18051 3 11
18052 7 15
18053 10 9
18054 5 2
18055 7 6
18056 11 10
18057 4 6
18058 5 10
18059 10 13
18060 14 6
18061 12 14
18062 5 14
18063 2 13
18064 4 14
18065 15 13
18066 12 15
18067 13 3
18068 9 13
18069 10 3
18070 8 9
18071 10 15
18072 2 8
18073 12 8
18074 12 6
18075 12 5
18076 12 3
18077 7 12
18078 10 11
18079 15 14
18080 14 2
18081 3 8
18082 12 15
18083 6 14
18084 11 13
18085 12 4
18086 15 12
18087 10 3
18088 7 2
18089 5 9
18090 14 2
18091 3 9
18092 2 11
18093 4 8
18094 12 6
18095 2 9
18096 2 5
18097 2 10
18098 12 10
18099 2 10
18100 12 15
18101 15 3
18102 9 4
18103 8 4
18104 10 4
18105 11 8
18106 10 4
18107 12 15
18108 14 6
18109 15 6
18110 15 10
18111 7 14
18112 2 12
18113 15 2
18114 9 4
18115 10 10
18116 12 11
18117 7 11
18118 4 12
18119 12 9
18120 12 6
18121 3 3
18122 8 10
18123 2 8
18124 11 12
18125 3 13
18126 11 8
18127 15 3
18128 4 14
18129 9 8
18130 8 4
18131 2 10
18132 2 10
18133 4 15
18134 2 5
18135 11 3
18136 9 2
18137 12 14
18138 14 4
18139 8 5
18140 12 6
18141 6 6
18142 5 7
18143 14 11
18144 8 12
18145 12 4
18146 12 6
18147 7 10
18148 12 15
18149 9 2
18150 3 4
18151 2 13
18152 13 6
18153 14 12
18154 12 4
18155 6 4
18156 12 7
18157 5 8
18158 11 2
18159 11 3
18160 4 5
18161 9 7
18162 5 2
18163 4 10
18164 6 11
18165 9 8
18166 15 15
18167 13 2
18168 5 11
18169 8 12
18170 14 9
18171 2 4
18172 14 6
18173 5 8
18174 7 4
18175 15 14
18176 13 6
18177 2 7
18178 7 5
18179 13 14
18180 8 6
18181 10 14
18182 3 13
18183 10 15
18184 9 14
18185 7 14
18186 6 12
18187 2 5
18188 15 8
18189 15 13
18190 6 15
18191 10 10
18192 4 3
18193 7 15
18194 13 11
18195 9 9
18196 5 10
18197 7 6
18198 13 8
18199 8 4
18200 5 4
18201 5 8
18202 2 8
18203 8 14
18204 9 11
18205 14 11
18206 10 8
18207 6 11
18208 3 4
18209 7 11
18210 6 11
18211 15 9
18212 15 12
18213 4 4
18214 13 2
18215 6 4
18216 11 10
18217 8 4
18218 4 8
18219 11 11
18220 4 2
18221 8 8
18222 8 3
18223 9 11
18224 11 8
18225 4 5
18226 7 8
18227 11 11
18228 11 12
18229 15 4
18230 11 13
18231 11 14
18232 13 10
18233 5 5
18234 7 14
18235 10 13
18236 9 15
18237 8 10
18238 10 9
18239 13 9
18240 9 11
18241 4 7
18242 14 8
18243 2 6
18244 3 5
18245 6 10
18246 4 2
18247 10 15
18248 14 6
18249 11 15
18250 5 3
18251 7 5
18252 11 10
18253 13 5
18254 14 11
18255 3 4
18256 4 8
18257 2 2
18258 2 3
18259 6 6
18260 2 12
18261 12 13
18262 9 8
18263 4 15
18264 11 13
18265 13 3
18266 14 6
18267 13 12
18268 12 5
18269 15 2
18270 15 6
18271 13 11
18272 3 5
18273 6 3
18274 2 5
18275 10 14
18276 11 9
18277 7 4
18278 12 15
18279 10 9
18280 4 2
18281 11 11
18282 10 8
18283 12 7
18284 15 12
18285 8 6
18286 4 13
18287 14 12
18288 13 4
18289 6 2
18290 7 11
18291 13 12
18292 4 2
18293 10 4
18294 5 7
18295 15 5
18296 2 11
18297 9 8
18298 8 11
18299 14 3
18300 11 6
18301 10 11
18302 8 4
18303 11 15
18304 14 10
18305 15 2
18306 12 15
18307 7 8
18308 10 4
18309 2 3
18310 9 12
18311 7 5
18312 12 2
18313 9 11
18314 8 8
18315 3 10
18316 8 11
18317 7 9
18318 4 14
18319 14 12
18320 13 12
18321 14 6
18322 15 15
18323 2 6
18324 5 14
18325 6 9
18326 6 3
18327 13 4
18328 7 5
18329 3 12
18330 5 9
18331 12 11
18332 7 15
18333 8 3
18334 2 2
18335 9 9
18336 9 5
18337 12 4
18338 3 9
18339 7 2
18340 5 8
18341 3 14
18342 11 14
18343 12 4
18344 2 4
18345 13 7
18346 15 11
18347 13 15
18348 11 11
18349 13 3
18350 11 5
18351 10 9
18352 5 5
18353 9 2
18354 5 6
18355 13 4
18356 14 6
18357 15 6
18358 6 15
18359 9 6
18360 10 11
18361 2 14
18362 6 9
18363 8 2
18364 9 13
18365 10 8
18366 15 4
18367 14 5
18368 7 3
18369 2 13
18370 15 9
18371 8 7
18372 3 14
18373 14 11
18374 3 14
18375 9 12
18376 2 13
18377 10 15
18378 14 7
18379 3 9
18380 13 5
18381 12 4
18382 15 10
18383 11 7
18384 3 6
18385 7 8
18386 5 6
18387 2 11
18388 15 3
18389 10 14
18390 7 10
18391 2 7
18392 7 10
18393 13 3
18394 13 13
18395 14 3
18396 7 15
18397 9 6
18398 6 13
18399 14 11
18400 8 12
18401 7 5
18402 11 12
18403 3 8
18404 2 12
18405 9 15
18406 9 2
18407 2 6
18408 2 11
18409 5 15
18410 14 2
18411 13 6
18412 7 6
18413 3 10
18414 6 2
18415 14 5
18416 11 14
18417 13 10
18418 4 4
18419 3 14
18420 10 2
18421 12 5
18422 11 8
18423 8 14
18424 4 14
18425 13 13
18426 2 5
18427 10 7
18428 15 10
18429 10 8
18430 12 6
18431 12 13
18432 13 2
18433 12 9
18434 10 10
18435 2 4
18436 8 7
18437 4 11
18438 13 7
18439 3 8
18440 6 13
18441 8 13
18442 11 5
18443 15 5
18444 13 5
18445 7 13
18446 8 4
18447 5 2
18448 5 11
18449 9 6
18450 6 15
18451 2 10
18452 10 2
18453 14 14
18454 15 8
18455 9 2
18456 10 13
18457 11 10
18458 9 2
18459 11 4
18460 2 12
18461 13 3
18462 11 13
18463 11 3
18464 10 15
18465 13 15
18466 13 12
18467 6 15
18468 5 3
18469 3 5
18470 12 15
18471 4 14
18472 8 8
18473 3 3
18474 7 10
18475 6 10
18476 7 10
18477 2 7
18478 4 14
18479 8 5
18480 4 12
18481 3 3
18482 11 12
18483 8 2
18484 6 9
18485 14 12
18486 12 4
18487 4 2
18488 7 5
18489 11 9
18490 12 2
18491 9 9
18492 6 7
18493 13 6
18494 6 9
18495 13 13
18496 14 2
18497 15 10
18498 12 12
18499 14 4
18500 12 5
18501 3 9
18502 14 3
18503 6 8
18504 13 3
18505 15 11
18506 11 7
18507 13 5
18508 11 6
18509 8 14
18510 9 14
18511 8 8
18512 4 15
18513 8 4
18514 5 7
18515 13 14
18516 11 8
18517 2 7
18518 5 2
18519 4 13
18520 8 3
18521 13 10
18522 6 2
18523 4 7
18524 9 15
18525 10 9
18526 2 5
18527 8 10
18528 8 2
18529 7 15
18530 2 8
18531 5 2
18532 8 8
18533 5 8
18534 15 2
18535 7 2
18536 4 13
18537 10 12
18538 3 12
18539 12 8
18540 6 15
18541 2 11
18542 10 11
18543 3 2
18544 15 5
18545 11 2
18546 11 3
18547 4 2
18548 14 13
18549 5 12
18550 2 4
18551 7 4
18552 2 11
18553 6 7
18554 4 13
18555 5 14
18556 9 14
18557 7 11
18558 9 13
18559 11 7
18560 5 15
18561 3 11
18562 12 15
18563 4 8
18564 2 2
18565 11 13
18566 10 8
18567 2 4
18568 15 9
18569 7 15
18570 9 6
18571 12 7
18572 6 14
18573 6 12
18574 11 4
18575 2 7
18576 6 13
18577 10 11
18578 6 13
18579 6 7
18580 5 10
18581 3 3
18582 10 2
18583 12 10
18584 3 13
18585 10 11
18586 8 7
18587 12 7
18588 10 5
18589 6 15
18590 15 6
18591 14 7
18592 8 8
18593 4 15
18594 4 11
18595 14 12
18596 7 4
18597 3 9
18598 11 9
18599 2 7
18600 13 8
18601 8 2
18602 5 14
18603 8 3
18604 14 8
18605 15 4
18606 6 10
18607 8 2
18608 9 2
18609 6 9
18610 15 12
18611 4 14
18612 8 8
18613 2 4
18614 5 7
18615 14 3
18616 7 10
18617 7 2
18618 3 7
18619 5 12
18620 2 3
18621 9 5
18622 12 13
18623 12 3
18624 8 9
18625 14 3
18626 7 8
18627 2 7
18628 10 9
18629 11 2
18630 7 4
18631 4 6
18632 6 3
18633 5 5
18634 11 7
18635 6 9
18636 11 6
18637 2 13
18638 8 6
18639 13 13
18640 7 5
18641 3 12
18642 14 7
18643 13 9
18644 11 2
18645 7 13
18646 9 3
18647 11 13
18648 3 14
18649 12 10
18650 12 11
18651 10 8
18652 8 13
18653 6 15
18654 13 8
18655 11 5
18656 8 7
18657 8 3
18658 10 5
18659 5 7
18660 13 11
18661 9 6
18662 12 12
18663 10 9
18664 8 10
18665 2 7
18666 12 9
18667 2 14
18668 4 5
18669 13 13
18670 9 15
18671 9 14
18672 13 3
18673 10 6
18674 5 15
18675 2 14
18676 12 3
18677 11 4
18678 4 2
18679 11 7
18680 8 9
18681 5 5
18682 5 15
18683 15 4
18684 13 13
18685 11 13
18686 9 5
18687 14 12
18688 4 5
18689 11 15
18690 8 6
18691 6 2
18692 4 15
18693 10 4
18694 7 5
18695 14 4
18696 15 8
18697 14 9
18698 8 11
18699 15 11
18700 12 4
18701 6 4
18702 9 9
18703 5 11
18704 13 4
18705 5 13
18706 10 15
18707 7 12
18708 4 2
18709 4 5
18710 12 4
18711 2 11
18712 3 6
18713 13 2
18714 3 8
18715 11 5
18716 5 14
18717 14 4
18718 10 6
18719 6 4
18720 5 6
18721 9 12
18722 3 11
18723 11 10
18724 4 11
18725 2 14
18726 12 9
18727 7 15
18728 7 15
18729 3 7
18730 15 6
18731 13 7
18732 4 8
18733 2 9
18734 7 8
18735 11 13
18736 11 11
18737 3 5
18738 10 5
18739 3 2
18740 2 13
18741 15 8
18742 14 6
18743 5 5
18744 12 4
18745 4 14
18746 14 8
18747 12 13
18748 14 4
18749 4 9
18750 9 9
18751 9 5
18752 5 3
18753 8 13
18754 10 13
18755 2 8
18756 8 6
18757 13 9
18758 2 14
18759 9 2
18760 5 10
18761 7 2
18762 5 8
18763 14 2
18764 7 11
18765 7 4
18766 11 10
18767 14 6
18768 4 12
18769 6 3
18770 13 15
18771 2 12
18772 9 14
18773 13 6
18774 13 2
18775 4 9
18776 6 2
18777 12 12
18778 15 8
18779 9 14
18780 14 7
18781 10 4
18782 8 9
18783 8 4
18784 7 11
18785 2 15
18786 8 15
18787 4 2
18788 15 2
18789 5 13
18790 8 5
18791 14 10
18792 12 7
18793 12 15
18794 14 14
18795 8 14
18796 6 8
18797 13 3
18798 6 11
18799 9 6
18800 7 11
18801 9 12
18802 11 5
18803 3 10
18804 5 11
18805 13 14
18806 11 12
18807 9 13
18808 11 15
18809 10 13
18810 6 15
18811 11 14
18812 3 6
18813 11 13
18814 10 8
18815 2 11
18816 13 11
18817 7 15
18818 7 2
18819 15 6
18820 11 13
18821 14 12
18822 5 4
18823 15 8
18824 14 15
18825 8 6
18826 5 4
18827 4 13
18828 5 11
18829 6 8
18830 3 4
18831 3 4
18832 13 10
18833 11 13
18834 10 14
18835 12 3
18836 12 15
18837 3 7
18838 11 6
18839 10 7
18840 5 6
18841 2 2
18842 13 3
18843 4 12
18844 9 8
18845 13 13
18846 4 4
18847 5 15
18848 11 10
18849 13 6
18850 9 6
18851 4 15
18852 12 4
18853 7 8
18854 13 9
18855 13 10
18856 13 9
18857 3 15
18858 10 14
18859 10 10
18860 4 4
18861 5 9
18862 10 12
18863 10 12
18864 9 2
18865 7 12
18866 10 15
18867 6 3
18868 8 10
18869 2 8
18870 13 3
18871 13 5
18872 13 13
18873 6 11
18874 12 7
18875 8 6
18876 9 13
18877 11 11
18878 10 15
18879 6 8
18880 2 14
18881 12 7
18882 10 8
18883 12 9
18884 11 6
18885 11 14
18886 14 8
18887 5 12
18888 10 5
18889 2 15
18890 11 15
18891 9 4
18892 5 8
18893 14 3
18894 2 15
18895 10 2
18896 11 4
18897 8 3
18898 8 8
18899 4 2
18900 3 8
18901 7 7
18902 7 13
18903 9 12
18904 10 8
18905 6 7
18906 9 12
18907 10 8
18908 7 7
18909 14 14
18910 7 9
18911 7 3
18912 4 6
18913 9 8
18914 6 2
18915 2 2
18916 8 10
18917 9 7
18918 10 14
18919 14 8
18920 14 10
18921 15 4
18922 6 12
18923 2 7
18924 3 8
18925 8 7
18926 6 7
18927 3 4
18928 4 6
18929 15 6
18930 6 3
18931 14 10
18932 11 11
18933 9 6
18934 2 4
18935 14 15
18936 15 5
18937 5 10
18938 8 10
18939 8 2
18940 10 14
18941 5 15
18942 7 15
18943 9 15
18944 2 13
18945 3 9
18946 2 5
18947 8 5
18948 2 11
18949 6 14
18950 6 4
18951 5 10
18952 12 8
18953 2 4
18954 2 14
18955 13 7
18956 13 2
18957 10 11
18958 13 10
18959 5 2
18960 11 14
18961 15 6
18962 13 3
18963 5 6
18964 12 11
18965 2 11
18966 14 8
18967 12 3
18968 15 11
18969 9 11
18970 9 15
18971 15 15
18972 11 9
18973 4 15
18974 6 7
18975 4 10
18976 6 3
18977 5 7
18978 8 11
18979 6 10
18980 2 6
18981 7 2
18982 9 5
18983 7 14
18984 14 8
18985 14 13
18986 9 6
18987 10 2
18988 11 7
18989 9 12
18990 12 5
18991 11 6
18992 12 2
18993 7 11
18994 15 12
18995 14 10
18996 2 4
18997 12 8
18998 2 4
18999 13 11
19000 6 6
19001 4 12
19002 15 14
19003 15 2
19004 14 5
19005 3 7
19006 10 11
19007 14 4
19008 7 10
19009 6 11
19010 15 15
19011 2 9
19012 5 15
19013 6 4
19014 2 5
19015 3 11
19016 13 9
19017 12 9
19018 9 6
19019 10 8
19020 9 7
19021 11 7
19022 3 12
19023 6 3
19024 10 8
19025 13 6
19026 12 10
19027 13 4
19028 5 2
19029 10 10
19030 14 13
19031 4 15
19032 11 7
19033 14 12
19034 10 15
19035 8 13
19036 10 14
19037 6 3
19038 11 8
19039 4 5
19040 12 14
19041 5 4
19042 8 2
19043 13 12
19044 7 13
19045 10 8
19046 13 11
19047 14 6
19048 4 9
19049 8 15
19050 9 6
19051 10 5
19052 3 15
19053 9 5
19054 13 2
19055 8 8
19056 4 15
19057 11 5
19058 12 12
19059 12 3
19060 7 3
19061 14 10
19062 14 14
19063 3 9
19064 10 10
19065 4 6
19066 14 4
19067 8 15
19068 7 15
19069 7 11
19070 6 8
19071 11 10
19072 11 15
19073 2 8
19074 4 5
19075 4 9
19076 13 4
19077 5 12
19078 9 3
19079 9 11
19080 10 11
19081 2 4
19082 4 5
19083 9 12
19084 15 11
19085 2 2
19086 13 15
19087 14 14
19088 8 7
19089 15 6
19090 15 14
19091 13 10
19092 12 12
19093 9 2
19094 12 10
19095 6 14
19096 9 9
19097 11 7
19098 13 6
19099 3 12
19100 14 9
19101 8 9
19102 7 7
19103 5 11
19104 10 3
19105 15 15
19106 10 10
19107 11 12
19108 2 15
19109 9 13
19110 5 9
19111 10 3
19112 7 11
19113 3 7
19114 9 11
19115 2 10
19116 11 6
19117 7 10
19118 11 14
19119 13 12
19120 8 4
19121 8 15
19122 10 5
19123 10 6
19124 10 10
19125 9 8
19126 5 10
19127 2 15
19128 4 2
19129 12 9
19130 8 3
19131 4 5
19132 11 8
19133 12 3
19134 4 3
19135 12 14
19136 12 11
19137 2 12
19138 15 7
19139 13 3
19140 10 14
19141 10 3
19142 4 11
19143 12 14
19144 10 10
19145 12 8
19146 15 12
19147 14 14
19148 3 10
19149 14 4
19150 15 14
19151 2 12
19152 15 9
19153 2 8
19154 8 13
19155 14 15
19156 11 2
19157 15 3
19158 2 9
19159 11 4
19160 5 9
19161 14 4
19162 11 10
19163 4 8
19164 10 11
19165 5 5
19166 6 13
19167 10 12
19168 15 8
19169 12 6
19170 11 9
19171 2 5
19172 13 7
19173 2 8
19174 9 7
19175 9 10
19176 11 8
19177 15 10
19178 14 13
19179 15 5
19180 5 7
19181 7 13
19182 9 2
19183 14 9
19184 9 5
19185 13 3
19186 14 4
19187 15 14
19188 12 5
19189 3 7
19190 7 7
19191 12 2
19192 12 15
19193 14 7
19194 9 12
19195 2 7
19196 4 12
19197 3 10
19198 9 11
19199 11 12
19200 13 5
19201 10 6
19202 13 15
19203 6 6
19204 2 6
19205 7 10
19206 10 5
19207 3 3
19208 6 3
19209 6 9
19210 2 12
19211 13 3
19212 14 4
19213 5 12
19214 14 7
19215 15 2
19216 5 8
19217 10 9
19218 3 7
19219 12 14
19220 8 15
19221 14 10
19222 11 3
19223 13 2
19224 11 12
19225 9 15
19226 9 11
19227 9 10
19228 2 15
19229 4 5
19230 12 6
19231 14 14
19232 12 6
19233 7 8
19234 10 6
19235 6 8
19236 9 11
19237 14 6
19238 2 14
19239 5 15
19240 14 8
19241 13 15
19242 8 6
19243 15 2
19244 3 8
19245 5 4
19246 11 7
19247 9 5
19248 14 9
19249 10 12
19250 5 15
19251 3 7
19252 11 9
19253 7 9
19254 13 4
19255 11 13
19256 12 4
19257 12 9
19258 5 3
19259 10 8
19260 10 14
19261 13 5
19262 13 2
19263 4 11
19264 15 3
19265 7 10
19266 7 13
19267 12 6
19268 12 4
19269 15 5
19270 5 4
19271 6 3
19272 8 15
19273 13 7
19274 3 10
19275 7 12
19276 13 6
19277 10 5
19278 11 8
19279 14 8
19280 2 9
19281 5 6
19282 6 14
19283 8 15
19284 9 13
19285 6 8
19286 4 13
19287 3 7
19288 13 12
19289 11 7
19290 10 6
19291 12 3
19292 12 9
19293 6 13
19294 11 3
19295 8 3
19296 9 2
19297 7 2
19298 4 4
19299 3 10
19300 12 3
19301 8 11
19302 10 3
19303 12 15
19304 6 3
19305 5 14
19306 14 6
19307 15 6
19308 12 9
19309 8 13
19310 2 13
19311 11 6
19312 15 10
19313 5 13
19314 9 14
19315 9 6
19316 2 13
19317 4 11
19318 14 13
19319 15 4
19320 10 8
19321 6 12
19322 12 5
19323 5 14
19324 2 14
19325 4 8
19326 15 12
19327 7 13
19328 2 11
19329 13 12
19330 11 8
19331 13 15
19332 4 3
19333 10 5
19334 8 8
19335 9 9
19336 3 11
19337 13 8
19338 8 8
19339 8 3
19340 2 4
19341 7 13
19342 8 5
19343 6 4
19344 14 2
19345 4 14
19346 15 15
19347 4 4
19348 12 13
19349 5 6
19350 11 11
19351 10 2
19352 3 5
19353 13 9
19354 8 10
19355 5 8
19356 9 7
19357 11 13
19358 2 3
19359 9 15
19360 9 11
19361 3 7
19362 4 12
19363 6 6
19364 15 8
19365 3 6
19366 6 2
19367 11 4
19368 5 5
19369 14 15
19370 7 3
19371 9 6
19372 15 8
19373 7 8
19374 6 4
19375 15 14
19376 8 15
19377 2 3
19378 10 8
19379 5 9
19380 14 4
19381 8 5
19382 3 11
19383 11 14
19384 14 7
19385 13 12
19386 8 11
19387 12 7
19388 7 11
19389 14 4
19390 12 4
19391 9 12
19392 9 8
19393 15 6
19394 14 3
19395 6 11
19396 2 2
19397 5 15
19398 14 15
19399 10 7
19400 2 4
19401 13 14
19402 7 7
19403 3 13
19404 13 5
19405 15 14
19406 6 14
19407 6 12
19408 6 10
19409 8 9
19410 4 4
19411 10 10
19412 5 11
19413 2 6
19414 9 14
19415 5 5
19416 3 6
19417 7 6
19418 8 13
19419 13 13
19420 3 7
19421 12 9
19422 6 11
19423 15 5
19424 4 7
19425 3 3
19426 6 13
19427 14 11
19428 9 10
19429 10 9
19430 11 15
19431 7 5
19432 3 4
19433 15 13
19434 2 6
19435 2 11
19436 7 6
19437 5 9
19438 9 12
19439 8 8
19440 3 10
19441 5 2
19442 13 10
19443 14 7
19444 10 2
19445 2 3
19446 13 13
19447 10 9
19448 5 3
19449 6 5
19450 11 3
19451 7 3
19452 3 6
19453 5 8
19454 9 10
19455 8 4
19456 12 3
19457 14 2
19458 9 14
19459 10 3
19460 10 9
19461 3 2
19462 11 12
19463 8 12
19464 10 7
19465 8 6
19466 4 7
19467 14 9
19468 15 2
19469 8 12
19470 10 12
19471 15 2
19472 4 15
19473 8 15
19474 11 12
19475 5 5
19476 14 13
19477 3 7
19478 6 4
19479 13 13
19480 5 2
19481 8 2
19482 2 4
19483 5 2
19484 4 10
19485 8 15
19486 7 12
19487 13 7
19488 13 2
19489 12 7
19490 15 4
19491 4 6
19492 13 3
19493 3 6
19494 14 4
19495 2 8
19496 8 9
19497 2 3
19498 7 3
19499 6 7
19500 13 11
19501 11 4
19502 2 3
19503 15 8
19504 8 5
19505 5 15
19506 13 10
19507 4 4
19508 4 15
19509 4 6
19510 2 2
19511 7 5
19512 15 11
19513 4 4
19514 12 4
19515 2 7
19516 8 4
19517 12 2
19518 3 12
19519 13 11
19520 14 2
19521 15 3
19522 3 14
19523 5 6
19524 10 6
19525 5 5
19526 11 3
19527 5 5
19528 12 4
19529 7 4
19530 10 8
19531 3 14
19532 5 4
19533 5 13
19534 11 6
19535 7 15
19536 15 8
19537 12 6
19538 7 4
19539 5 6
19540 4 10
19541 8 6
19542 14 14
19543 6 11
19544 9 8
19545 14 2
19546 4 6
19547 11 10
19548 8 8
19549 5 6
19550 4 13
19551 2 13
19552 14 11
19553 7 5
19554 8 14
19555 9 12
19556 12 9
19557 12 15
19558 15 5
19559 6 12
19560 11 10
19561 12 12
19562 7 4
19563 11 9
19564 15 5
19565 7 8
19566 15 14
19567 3 7
19568 13 4
19569 8 8
19570 7 15
19571 7 11
19572 15 3
19573 6 9
19574 14 8
19575 4 7
19576 14 5
19577 15 12
19578 10 2
19579 11 8
19580 8 6
19581 3 6
19582 9 14
19583 7 5
19584 5 8
19585 15 11
19586 13 7
19587 4 6
19588 9 14
19589 6 14
19590 8 8
19591 13 7
19592 12 5
19593 7 5
19594 10 11
19595 13 13
19596 13 8
19597 4 14
19598 12 14
19599 11 10
19600 7 13
19601 5 4
19602 6 5
19603 13 14
19604 8 9
19605 11 4
19606 6 3
19607 7 9
19608 3 4
19609 12 9
19610 15 12
19611 13 8
19612 5 13
19613 12 10
19614 5 7
19615 6 5
19616 12 6
19617 8 10
19618 7 10
19619 13 8
19620 5 12
19621 11 2
19622 8 14
19623 3 8
19624 13 10
19625 4 6
19626 11 9
19627 11 12
19628 5 11
19629 11 14
19630 14 10
19631 14 12
19632 3 8
19633 3 7
19634 15 5
19635 12 10
19636 3 3
19637 8 14
19638 10 12
19639 5 13
19640 9 3
19641 2 5
19642 2 9
19643 14 5
19644 9 4
19645 8 2
19646 9 13
19647 4 14
19648 15 14
19649 2 3
19650 6 10
19651 11 8
19652 15 9
19653 10 13
19654 2 10
19655 4 8
19656 13 6
19657 11 5
19658 3 4
19659 3 6
19660 8 14
19661 5 11
19662 14 6
19663 14 14
19664 9 8
19665 4 7
19666 12 6
19667 15 4
19668 13 11
19669 15 12
19670 4 8
19671 15 13
19672 6 7
19673 14 8
19674 5 15
19675 5 11
19676 3 9
19677 4 13
19678 11 15
19679 14 11
19680 12 6
19681 2 5
19682 8 15
19683 11 6
19684 10 15
19685 12 3
19686 12 3
19687 4 12
19688 8 13
19689 8 13
19690 6 11
19691 9 3
19692 11 8
19693 9 12
19694 2 8
19695 12 10
19696 5 5
19697 7 5
19698 11 3
19699 2 3
19700 8 3
19701 4 7
19702 14 14
19703 11 2
19704 3 8
19705 14 13
19706 5 11
19707 11 6
19708 13 11
19709 2 14
19710 14 3
19711 5 5
19712 5 6
19713 6 5
19714 9 12
19715 8 15
19716 9 12
19717 14 5
19718 12 6
19719 10 14
19720 3 6
19721 2 15
19722 11 10
19723 14 13
19724 6 3
19725 13 2
19726 3 15
19727 8 9
19728 11 5
19729 2 3
19730 6 10
19731 3 3
19732 8 2
19733 6 11
19734 12 13
19735 11 12
19736 12 3
19737 14 2
19738 2 15
19739 6 12
19740 4 2
19741 4 10
19742 10 15
19743 8 15
19744 8 3
19745 8 10
19746 2 13
19747 3 11
19748 11 2
19749 5 6
19750 4 3
19751 15 14
19752 5 6
19753 10 13
19754 7 6
19755 10 6
19756 4 2
19757 5 7
19758 5 3
19759 8 2
19760 13 9
19761 11 12
19762 3 9
19763 15 11
19764 3 5
19765 10 8
19766 2 3
19767 7 14
19768 9 3
19769 15 13
19770 3 14
19771 9 3
19772 5 4
19773 14 13
19774 3 11
19775 12 6
19776 15 15
19777 2 4
19778 6 9
19779 12 15
19780 2 4
19781 10 10
19782 14 12
19783 3 6
19784 3 3
19785 4 15
19786 10 9
19787 15 12
19788 6 7
19789 4 9
19790 13 3
19791 14 11
19792 5 8
19793 9 15
19794 10 7
19795 9 8
19796 6 15
19797 8 5
19798 11 3
19799 5 10
19800 14 3
19801 2 12
19802 9 6
19803 11 3
19804 12 8
19805 3 14
19806 11 6
19807 4 5
19808 12 4
19809 3 7
19810 6 2
19811 3 13
19812 5 3
19813 7 5
19814 7 2
19815 8 11
19816 12 8
19817 12 4
19818 8 3
19819 8 10
19820 6 15
19821 7 7
19822 4 7
19823 4 14
19824 12 9
19825 13 6
19826 3 2
19827 4 12
19828 7 6
19829 9 13
19830 14 3
19831 13 9
19832 11 10
19833 11 13
19834 11 6
19835 10 10
19836 7 8
19837 8 11
19838 6 10
19839 11 11
19840 5 2
19841 2 7
19842 3 11
19843 12 13
19844 13 7
19845 8 9
19846 7 12
19847 8 5
19848 7 7
19849 14 10
19850 6 4
19851 15 4
19852 9 12
19853 13 3
19854 9 4
19855 8 8
19856 4 14
19857 12 7
19858 8 7
19859 2 6
19860 8 15
19861 2 9
19862 2 12
19863 2 3
19864 6 15
19865 12 6
19866 3 15
19867 5 2
19868 15 8
19869 10 12
19870 8 15
19871 4 6
19872 2 14
19873 13 10
19874 9 14
19875 14 3
19876 2 2
19877 12 15
19878 8 8
19879 10 11
19880 2 12
19881 6 14
19882 14 3
19883 9 4
19884 10 4
19885 2 9
19886 8 4
19887 5 10
19888 13 3
19889 3 7
19890 15 14
19891 12 4
19892 4 5
19893 4 10
19894 4 4
19895 4 10
19896 4 6
19897 2 10
19898 6 9
19899 7 15
19900 4 10
19901 5 7
19902 11 11
19903 11 6
19904 2 2
19905 6 3
19906 2 13
19907 14 10
19908 6 9
19909 11 14
19910 3 5
19911 7 14
19912 3 13
19913 3 5
19914 7 12
19915 2 15
19916 15 14
19917 7 5
19918 7 14
19919 9 4
19920 4 14
19921 12 10
19922 11 4
19923 15 2
19924 14 8
19925 6 3
19926 12 13
19927 12 7
19928 9 10
19929 2 11
19930 14 9
19931 10 5
19932 2 4
19933 10 2
19934 15 3
19935 2 6
19936 3 11
19937 6 15
19938 13 7
19939 5 6
19940 3 11
19941 7 15
19942 14 4
19943 14 14
19944 10 14
19945 3 12
19946 6 6
19947 9 10
19948 8 14
19949 9 6
19950 13 12
19951 4 10
19952 2 4
19953 3 12
19954 10 12
19955 10 11
19956 5 2
19957 8 5
19958 14 7
19959 9 10
19960 12 13
19961 2 12
19962 5 9
19963 10 11
19964 14 3
19965 12 4
19966 3 5
19967 15 12
19968 11 13
19969 13 9
19970 6 5
19971 15 13
19972 8 11
19973 11 2
19974 7 15
19975 7 10
19976 7 7
19977 9 14
19978 7 11
19979 11 6
19980 13 14
19981 2 10
19982 14 6
19983 4 11
19984 13 2
19985 15 8
19986 11 8
19987 11 12
19988 2 13
19989 6 7
19990 4 10
19991 11 14
19992 10 8
19993 2 8
19994 3 13
19995 2 8
19996 7 8
19997 9 5
19998 5 9
19999 14 6
20000 7 9
